Created At,Type,Currency,Amount,Description,Payment Method
"28/01/2026, 03:39:03","donation","$","20.00","Help Mohamad support his family and save them from starvation in Gaza","paypal"
"28/01/2026, 03:39:03","commission","$","0.00","Help Mohamad support his family and save them from starvation in Gaza","paypal"
"28/01/2026, 03:39:03","cost","$","-1.19","Help Mohamad support his family and save them from starvation in Gaza","paypal"
"28/01/2026, 03:39:03","tax","$","0.00","Help Mohamad support his family and save them from starvation in Gaza","paypal"
"27/01/2026, 18:43:04","donation","€","5.00","Help sister Warda with her medical conditions in Gaza","card"
"27/01/2026, 18:43:04","commission","€","0.00","Help sister Warda with her medical conditions in Gaza","card"
"27/01/2026, 18:43:04","cost","€","-0.41","Help sister Warda with her medical conditions in Gaza","card"
"27/01/2026, 18:43:04","tax","€","0.00","Help sister Warda with her medical conditions in Gaza","card"
"25/01/2026, 13:07:34","donation","€","5.00","Support Mohammed Al-Louh, a father of seven from Gaza","link"
"25/01/2026, 13:07:34","commission","€","0.00","Support Mohammed Al-Louh, a father of seven from Gaza","link"
"25/01/2026, 13:07:34","cost","€","-0.41","Support Mohammed Al-Louh, a father of seven from Gaza","link"
"25/01/2026, 13:07:34","tax","€","0.00","Support Mohammed Al-Louh, a father of seven from Gaza","link"
"25/01/2026, 02:40:27","donation","$","10.00","Help Mohamad support his family and save them from starvation in Gaza","card"
"25/01/2026, 02:40:27","commission","$","0.00","Help Mohamad support his family and save them from starvation in Gaza","card"
"25/01/2026, 02:40:27","cost","$","-0.63","Help Mohamad support his family and save them from starvation in Gaza","card"
"25/01/2026, 02:40:27","tax","$","0.00","Help Mohamad support his family and save them from starvation in Gaza","card"
"23/01/2026, 01:09:50","donation","$","25.00","Help Mohamad support his family and save them from starvation in Gaza","paypal"
"23/01/2026, 01:09:50","commission","$","0.00","Help Mohamad support his family and save them from starvation in Gaza","paypal"
"23/01/2026, 01:09:50","cost","$","-1.37","Help Mohamad support his family and save them from starvation in Gaza","paypal"
"23/01/2026, 01:09:50","tax","$","0.00","Help Mohamad support his family and save them from starvation in Gaza","paypal"
"20/01/2026, 07:12:26","donation","$","20.00","Help Mohamad support his family and save them from starvation in Gaza","paypal"
"20/01/2026, 07:12:26","commission","$","0.00","Help Mohamad support his family and save them from starvation in Gaza","paypal"
"20/01/2026, 07:12:26","cost","$","-1.19","Help Mohamad support his family and save them from starvation in Gaza","paypal"
"20/01/2026, 07:12:26","tax","$","0.00","Help Mohamad support his family and save them from starvation in Gaza","paypal"
"19/01/2026, 14:29:31","donation","€","40.00","Support Mohammed Al-Louh, a father of seven from Gaza","link"
"19/01/2026, 14:29:31","commission","€","0.00","Support Mohammed Al-Louh, a father of seven from Gaza","link"
"19/01/2026, 14:29:31","cost","€","-1.55","Support Mohammed Al-Louh, a father of seven from Gaza","link"
"19/01/2026, 14:29:31","tax","€","0.00","Support Mohammed Al-Louh, a father of seven from Gaza","link"
"18/01/2026, 07:07:27","donation","€","10.00","Save Ahed and his family from the genocide in Gaza, Palestine.","link"
"18/01/2026, 07:07:27","commission","€","0.00","Save Ahed and his family from the genocide in Gaza, Palestine.","link"
"18/01/2026, 07:07:27","cost","€","-0.44","Save Ahed and his family from the genocide in Gaza, Palestine.","link"
"18/01/2026, 07:07:27","tax","€","0.00","Save Ahed and his family from the genocide in Gaza, Palestine.","link"
"17/01/2026, 14:42:11","donation","$","60.00","Help Wafaa and her family rebuild sustainibilty in Gaza","card"
"17/01/2026, 14:42:11","commission","$","0.00","Help Wafaa and her family rebuild sustainibilty in Gaza","card"
"17/01/2026, 14:42:11","cost","$","-2.29","Help Wafaa and her family rebuild sustainibilty in Gaza","card"
"17/01/2026, 14:42:11","tax","$","0.00","Help Wafaa and her family rebuild sustainibilty in Gaza","card"
"17/01/2026, 10:50:44","donation","€","15.00","Help Wafaa and her family rebuild sustainibilty in Gaza","card"
"17/01/2026, 10:50:44","commission","€","0.00","Help Wafaa and her family rebuild sustainibilty in Gaza","card"
"17/01/2026, 10:50:44","cost","€","-0.77","Help Wafaa and her family rebuild sustainibilty in Gaza","card"
"17/01/2026, 10:50:44","tax","€","0.00","Help Wafaa and her family rebuild sustainibilty in Gaza","card"
"17/01/2026, 06:48:45","donation","$","25.00","Help Mohamad support his family and save them from starvation in Gaza","paypal"
"17/01/2026, 06:48:45","commission","$","0.00","Help Mohamad support his family and save them from starvation in Gaza","paypal"
"17/01/2026, 06:48:45","cost","$","-1.37","Help Mohamad support his family and save them from starvation in Gaza","paypal"
"17/01/2026, 06:48:45","tax","$","0.00","Help Mohamad support his family and save them from starvation in Gaza","paypal"
"15/01/2026, 19:02:49","donation","$","50.00","Help sister Warda with her medical conditions in Gaza","card"
"15/01/2026, 19:02:49","commission","$","0.00","Help sister Warda with her medical conditions in Gaza","card"
"15/01/2026, 19:02:49","cost","$","-1.93","Help sister Warda with her medical conditions in Gaza","card"
"15/01/2026, 19:02:49","tax","$","0.00","Help sister Warda with her medical conditions in Gaza","card"
"15/01/2026, 14:58:20","donation","€","80.00","Support Mohammed Al-Louh, a father of seven from Gaza","link"
"15/01/2026, 14:58:20","commission","€","0.00","Support Mohammed Al-Louh, a father of seven from Gaza","link"
"15/01/2026, 14:58:20","cost","€","-2.85","Support Mohammed Al-Louh, a father of seven from Gaza","link"
"15/01/2026, 14:58:20","tax","€","0.00","Support Mohammed Al-Louh, a father of seven from Gaza","link"
"13/01/2026, 16:56:13","donation","€","50.00","Support Mohammed Al-Louh, a father of seven from Gaza","paypal"
"13/01/2026, 16:56:13","commission","€","0.00","Support Mohammed Al-Louh, a father of seven from Gaza","paypal"
"13/01/2026, 16:56:13","cost","€","-2.30","Support Mohammed Al-Louh, a father of seven from Gaza","paypal"
"13/01/2026, 16:56:13","tax","€","0.00","Support Mohammed Al-Louh, a father of seven from Gaza","paypal"
"12/01/2026, 21:19:47","donation","€","15.00","Help Mohamad support his family and save them from starvation in Gaza","card"
"12/01/2026, 21:19:47","commission","€","0.00","Help Mohamad support his family and save them from starvation in Gaza","card"
"12/01/2026, 21:19:47","cost","€","-0.81","Help Mohamad support his family and save them from starvation in Gaza","card"
"12/01/2026, 21:19:47","tax","€","0.00","Help Mohamad support his family and save them from starvation in Gaza","card"
"12/01/2026, 19:07:23","donation","$","30.00","Help Mohamad support his family and save them from starvation in Gaza","link"
"12/01/2026, 19:07:23","commission","$","0.00","Help Mohamad support his family and save them from starvation in Gaza","link"
"12/01/2026, 19:07:23","cost","$","-1.28","Help Mohamad support his family and save them from starvation in Gaza","link"
"12/01/2026, 19:07:23","tax","$","0.00","Help Mohamad support his family and save them from starvation in Gaza","link"
"12/01/2026, 01:34:36","donation","€","100.00","Support Mohammed Al-Louh, a father of seven from Gaza","card"
"12/01/2026, 01:34:36","commission","€","0.00","Support Mohammed Al-Louh, a father of seven from Gaza","card"
"12/01/2026, 01:34:36","cost","€","-3.96","Support Mohammed Al-Louh, a father of seven from Gaza","card"
"12/01/2026, 01:34:36","tax","€","0.00","Support Mohammed Al-Louh, a father of seven from Gaza","card"
"12/01/2026, 00:08:11","donation","€","5.00","Support Mohammed Al-Louh, a father of seven from Gaza","link"
"12/01/2026, 00:08:11","commission","€","0.00","Support Mohammed Al-Louh, a father of seven from Gaza","link"
"12/01/2026, 00:08:11","cost","€","-0.41","Support Mohammed Al-Louh, a father of seven from Gaza","link"
"12/01/2026, 00:08:11","tax","€","0.00","Support Mohammed Al-Louh, a father of seven from Gaza","link"
"11/01/2026, 23:59:34","donation","$","25.00","Help Mohamad support his family and save them from starvation in Gaza","paypal"
"11/01/2026, 23:59:34","commission","$","0.00","Help Mohamad support his family and save them from starvation in Gaza","paypal"
"11/01/2026, 23:59:34","cost","$","-1.37","Help Mohamad support his family and save them from starvation in Gaza","paypal"
"11/01/2026, 23:59:34","tax","$","0.00","Help Mohamad support his family and save them from starvation in Gaza","paypal"
"11/01/2026, 15:48:22","donation","€","5.00","Support Mohammed Al-Louh, a father of seven from Gaza","card"
"11/01/2026, 15:48:22","commission","€","0.00","Support Mohammed Al-Louh, a father of seven from Gaza","card"
"11/01/2026, 15:48:22","cost","€","-0.44","Support Mohammed Al-Louh, a father of seven from Gaza","card"
"11/01/2026, 15:48:22","tax","€","0.00","Support Mohammed Al-Louh, a father of seven from Gaza","card"
"10/01/2026, 23:40:21","donation","€","25.00","Support Mohammed Al-Louh, a father of seven from Gaza","card"
"10/01/2026, 23:40:21","commission","€","0.00","Support Mohammed Al-Louh, a father of seven from Gaza","card"
"10/01/2026, 23:40:21","cost","€","-1.10","Support Mohammed Al-Louh, a father of seven from Gaza","card"
"10/01/2026, 23:40:21","tax","€","0.00","Support Mohammed Al-Louh, a father of seven from Gaza","card"
"09/01/2026, 13:23:00","donation","€","10.00","Help Akram Mahmoud feed his family in Gaza","link"
"09/01/2026, 13:23:00","commission","€","0.00","Help Akram Mahmoud feed his family in Gaza","link"
"09/01/2026, 13:23:00","cost","€","-0.50","Help Akram Mahmoud feed his family in Gaza","link"
"09/01/2026, 13:23:00","tax","€","0.00","Help Akram Mahmoud feed his family in Gaza","link"
"09/01/2026, 06:25:38","donation","€","50.00","Help Mohamad support his family and save them from starvation in Gaza","card"
"09/01/2026, 06:25:38","commission","€","0.00","Help Mohamad support his family and save them from starvation in Gaza","card"
"09/01/2026, 06:25:38","cost","€","-1.97","Help Mohamad support his family and save them from starvation in Gaza","card"
"09/01/2026, 06:25:38","tax","€","0.00","Help Mohamad support his family and save them from starvation in Gaza","card"
"08/01/2026, 22:10:53","donation","€","25.00","Help Wafaa and her family rebuild sustainibilty in Gaza","card"
"08/01/2026, 22:10:53","commission","€","0.00","Help Wafaa and her family rebuild sustainibilty in Gaza","card"
"08/01/2026, 22:10:53","cost","€","-0.73","Help Wafaa and her family rebuild sustainibilty in Gaza","card"
"08/01/2026, 22:10:53","tax","€","0.00","Help Wafaa and her family rebuild sustainibilty in Gaza","card"
"08/01/2026, 17:50:00","donation","$","100.00","Help sister Warda with her medical conditions in Gaza","card"
"08/01/2026, 17:50:00","commission","$","0.00","Help sister Warda with her medical conditions in Gaza","card"
"08/01/2026, 17:50:00","cost","$","-3.55","Help sister Warda with her medical conditions in Gaza","card"
"08/01/2026, 17:50:00","tax","$","0.00","Help sister Warda with her medical conditions in Gaza","card"
"08/01/2026, 11:03:17","donation","€","5.00","Support Mohammed Al-Louh, a father of seven from Gaza","card"
"08/01/2026, 11:03:17","commission","€","0.00","Support Mohammed Al-Louh, a father of seven from Gaza","card"
"08/01/2026, 11:03:17","cost","€","-0.44","Support Mohammed Al-Louh, a father of seven from Gaza","card"
"08/01/2026, 11:03:17","tax","€","0.00","Support Mohammed Al-Louh, a father of seven from Gaza","card"
"07/01/2026, 18:28:55","donation","€","75.00","Support Mohammed Al-Louh, a father of seven from Gaza","link"
"07/01/2026, 18:28:55","commission","€","0.00","Support Mohammed Al-Louh, a father of seven from Gaza","link"
"07/01/2026, 18:28:55","cost","€","-2.86","Support Mohammed Al-Louh, a father of seven from Gaza","link"
"07/01/2026, 18:28:55","tax","€","0.00","Support Mohammed Al-Louh, a father of seven from Gaza","link"
"05/01/2026, 15:38:12","donation","$","40.00","Help sister Warda with her medical conditions in Gaza","card"
"05/01/2026, 15:38:12","commission","$","0.00","Help sister Warda with her medical conditions in Gaza","card"
"05/01/2026, 15:38:12","cost","$","-1.60","Help sister Warda with her medical conditions in Gaza","card"
"05/01/2026, 15:38:12","tax","$","0.00","Help sister Warda with her medical conditions in Gaza","card"
"04/01/2026, 19:02:34","donation","د.إ","350.00","Help Khatam Hamdi and her family of 17 survive in Gaza","link"
"04/01/2026, 19:02:34","commission","د.إ","0.00","Help Khatam Hamdi and her family of 17 survive in Gaza","link"
"04/01/2026, 19:02:34","cost","د.إ","-14.06","Help Khatam Hamdi and her family of 17 survive in Gaza","link"
"04/01/2026, 19:02:34","tax","د.إ","0.00","Help Khatam Hamdi and her family of 17 survive in Gaza","link"
"04/01/2026, 06:12:38","donation","$","25.00","Help Mohamad support his family and save them from starvation in Gaza","link"
"04/01/2026, 06:12:38","commission","$","0.00","Help Mohamad support his family and save them from starvation in Gaza","link"
"04/01/2026, 06:12:38","cost","$","-1.11","Help Mohamad support his family and save them from starvation in Gaza","link"
"04/01/2026, 06:12:38","tax","$","0.00","Help Mohamad support his family and save them from starvation in Gaza","link"
"02/01/2026, 21:29:08","donation","€","15.00","Help Wafaa and her family rebuild sustainibilty in Gaza","card"
"02/01/2026, 21:29:08","commission","€","0.00","Help Wafaa and her family rebuild sustainibilty in Gaza","card"
"02/01/2026, 21:29:08","cost","€","-0.53","Help Wafaa and her family rebuild sustainibilty in Gaza","card"
"02/01/2026, 21:29:08","tax","€","0.00","Help Wafaa and her family rebuild sustainibilty in Gaza","card"
"01/01/2026, 01:13:33","donation","$","5.00","Help Akram Mahmoud feed his family in Gaza","card"
"01/01/2026, 01:13:33","commission","$","0.00","Help Akram Mahmoud feed his family in Gaza","card"
"01/01/2026, 01:13:33","cost","$","-0.49","Help Akram Mahmoud feed his family in Gaza","card"
"01/01/2026, 01:13:33","tax","$","0.00","Help Akram Mahmoud feed his family in Gaza","card"
"31/12/2025, 21:30:56","donation","$","20.00","Help Mohamad support his family and save them from starvation in Gaza","link"
"31/12/2025, 21:30:56","commission","$","0.00","Help Mohamad support his family and save them from starvation in Gaza","link"
"31/12/2025, 21:30:56","cost","$","-0.95","Help Mohamad support his family and save them from starvation in Gaza","link"
"31/12/2025, 21:30:56","tax","$","0.00","Help Mohamad support his family and save them from starvation in Gaza","link"
"30/12/2025, 16:11:31","donation","€","25.00","Help Akram Mahmoud feed his family in Gaza","card"
"30/12/2025, 16:11:31","commission","€","0.00","Help Akram Mahmoud feed his family in Gaza","card"
"30/12/2025, 16:11:31","cost","€","-0.73","Help Akram Mahmoud feed his family in Gaza","card"
"30/12/2025, 16:11:31","tax","€","0.00","Help Akram Mahmoud feed his family in Gaza","card"
"29/12/2025, 18:41:09","donation","$","15.00","Help Mohamad support his family and save them from starvation in Gaza","card"
"29/12/2025, 18:41:09","commission","$","0.00","Help Mohamad support his family and save them from starvation in Gaza","card"
"29/12/2025, 18:41:09","cost","$","-0.79","Help Mohamad support his family and save them from starvation in Gaza","card"
"29/12/2025, 18:41:09","tax","$","0.00","Help Mohamad support his family and save them from starvation in Gaza","card"
"29/12/2025, 01:09:38","donation","$","20.00","Help Mohamad support his family and save them from starvation in Gaza","paypal"
"29/12/2025, 01:09:38","commission","$","0.00","Help Mohamad support his family and save them from starvation in Gaza","paypal"
"29/12/2025, 01:09:38","cost","$","-1.19","Help Mohamad support his family and save them from starvation in Gaza","paypal"
"29/12/2025, 01:09:38","tax","$","0.00","Help Mohamad support his family and save them from starvation in Gaza","paypal"
"28/12/2025, 14:48:37","donation","$","10.00","Help Akram Mahmoud feed his family in Gaza","card"
"28/12/2025, 14:48:37","commission","$","0.00","Help Akram Mahmoud feed his family in Gaza","card"
"28/12/2025, 14:48:37","cost","$","-0.63","Help Akram Mahmoud feed his family in Gaza","card"
"28/12/2025, 14:48:37","tax","$","0.00","Help Akram Mahmoud feed his family in Gaza","card"
"27/12/2025, 13:14:58","donation","$","5.00","Help Ibtisam and her family surviving in Gaza","link"
"27/12/2025, 13:14:58","commission","$","0.00","Help Ibtisam and her family surviving in Gaza","link"
"27/12/2025, 13:14:58","cost","$","-0.46","Help Ibtisam and her family surviving in Gaza","link"
"27/12/2025, 13:14:58","tax","$","0.00","Help Ibtisam and her family surviving in Gaza","link"
"26/12/2025, 12:33:05","donation","€","40.00","Help Ahmed O. and his family of 22 Souls, survive in Gaza","card"
"26/12/2025, 12:33:05","commission","€","0.00","Help Ahmed O. and his family of 22 Souls, survive in Gaza","card"
"26/12/2025, 12:33:05","cost","€","-1.01","Help Ahmed O. and his family of 22 Souls, survive in Gaza","card"
"26/12/2025, 12:33:05","tax","€","0.00","Help Ahmed O. and his family of 22 Souls, survive in Gaza","card"
"26/12/2025, 07:46:50","donation","€","150.00","Help Aya and her family survive the bombings and find safety, Palestine.","card"
"26/12/2025, 07:46:50","commission","€","0.00","Help Aya and her family survive the bombings and find safety, Palestine.","card"
"26/12/2025, 07:46:50","cost","€","-5.22","Help Aya and her family survive the bombings and find safety, Palestine.","card"
"26/12/2025, 07:46:50","tax","€","0.00","Help Aya and her family survive the bombings and find safety, Palestine.","card"
"26/12/2025, 04:18:34","donation","$","25.00","Help Akram Mahmoud feed his family in Gaza","card"
"26/12/2025, 04:18:34","commission","$","0.00","Help Akram Mahmoud feed his family in Gaza","card"
"26/12/2025, 04:18:34","cost","$","-1.23","Help Akram Mahmoud feed his family in Gaza","card"
"26/12/2025, 04:18:34","tax","$","0.00","Help Akram Mahmoud feed his family in Gaza","card"
"25/12/2025, 20:28:42","donation","$","30.00","Help Mohamad support his family and save them from starvation in Gaza","link"
"25/12/2025, 20:28:42","commission","$","0.00","Help Mohamad support his family and save them from starvation in Gaza","link"
"25/12/2025, 20:28:42","cost","$","-1.28","Help Mohamad support his family and save them from starvation in Gaza","link"
"25/12/2025, 20:28:42","tax","$","0.00","Help Mohamad support his family and save them from starvation in Gaza","link"
"25/12/2025, 13:39:25","donation","$","25.00","Help Fadi Abu Odeh rebuild his family's security","card"
"25/12/2025, 13:39:25","commission","$","0.00","Help Fadi Abu Odeh rebuild his family's security","card"
"25/12/2025, 13:39:25","cost","$","-1.11","Help Fadi Abu Odeh rebuild his family's security","card"
"25/12/2025, 13:39:25","tax","$","0.00","Help Fadi Abu Odeh rebuild his family's security","card"
"25/12/2025, 05:50:49","donation","$","35.00","Help Akram Mahmoud feed his family in Gaza","card"
"25/12/2025, 05:50:49","commission","$","0.00","Help Akram Mahmoud feed his family in Gaza","card"
"25/12/2025, 05:50:49","cost","$","-1.60","Help Akram Mahmoud feed his family in Gaza","card"
"25/12/2025, 05:50:49","tax","$","0.00","Help Akram Mahmoud feed his family in Gaza","card"
"25/12/2025, 00:54:34","donation","$","50.00","Help sister Warda with her medical conditions in Gaza","card"
"25/12/2025, 00:54:34","commission","$","0.00","Help sister Warda with her medical conditions in Gaza","card"
"25/12/2025, 00:54:34","cost","$","-1.93","Help sister Warda with her medical conditions in Gaza","card"
"25/12/2025, 00:54:34","tax","$","0.00","Help sister Warda with her medical conditions in Gaza","card"
"24/12/2025, 16:28:40","donation","€","5.00","In displacement.. Help Hayam Mohammed and her 5 children move to south Gaza","card"
"24/12/2025, 16:28:40","commission","€","0.00","In displacement.. Help Hayam Mohammed and her 5 children move to south Gaza","card"
"24/12/2025, 16:28:40","cost","€","-0.45","In displacement.. Help Hayam Mohammed and her 5 children move to south Gaza","card"
"24/12/2025, 16:28:40","tax","€","0.00","In displacement.. Help Hayam Mohammed and her 5 children move to south Gaza","card"
"24/12/2025, 14:05:45","donation","$","50.00","Help Akram Mahmoud feed his family in Gaza","card"
"24/12/2025, 14:05:45","commission","$","0.00","Help Akram Mahmoud feed his family in Gaza","card"
"24/12/2025, 14:05:45","cost","$","-1.93","Help Akram Mahmoud feed his family in Gaza","card"
"24/12/2025, 14:05:45","tax","$","0.00","Help Akram Mahmoud feed his family in Gaza","card"
"24/12/2025, 06:30:39","donation","€","15.00","Help Mohamad support his family and save them from starvation in Gaza","paypal"
"24/12/2025, 06:30:39","commission","€","0.00","Help Mohamad support his family and save them from starvation in Gaza","paypal"
"24/12/2025, 06:30:39","cost","€","-0.71","Help Mohamad support his family and save them from starvation in Gaza","paypal"
"24/12/2025, 06:30:39","tax","€","0.00","Help Mohamad support his family and save them from starvation in Gaza","paypal"
"24/12/2025, 00:18:23","donation","€","50.00","Help Akram Mahmoud feed his family in Gaza","link"
"24/12/2025, 00:18:23","commission","€","0.00","Help Akram Mahmoud feed his family in Gaza","link"
"24/12/2025, 00:18:23","cost","€","-1.20","Help Akram Mahmoud feed his family in Gaza","link"
"24/12/2025, 00:18:23","tax","€","0.00","Help Akram Mahmoud feed his family in Gaza","link"
"23/12/2025, 23:38:43","donation","€","20.00","Help Akram Mahmoud feed his family in Gaza","link"
"23/12/2025, 23:38:43","commission","€","0.00","Help Akram Mahmoud feed his family in Gaza","link"
"23/12/2025, 23:38:43","cost","€","-0.90","Help Akram Mahmoud feed his family in Gaza","link"
"23/12/2025, 23:38:43","tax","€","0.00","Help Akram Mahmoud feed his family in Gaza","link"
"23/12/2025, 21:05:51","donation","€","50.00","Help Shereen’s Displaced Family Survive the Gaza War","link"
"23/12/2025, 21:05:51","commission","€","0.00","Help Shereen’s Displaced Family Survive the Gaza War","link"
"23/12/2025, 21:05:51","cost","€","-1.89","Help Shereen’s Displaced Family Survive the Gaza War","link"
"23/12/2025, 21:05:51","tax","€","0.00","Help Shereen’s Displaced Family Survive the Gaza War","link"
"23/12/2025, 12:50:10","donation","€","5.00","Help Fadi Abu Odeh rebuild his family's security","card"
"23/12/2025, 12:50:10","commission","€","0.00","Help Fadi Abu Odeh rebuild his family's security","card"
"23/12/2025, 12:50:10","cost","€","-0.44","Help Fadi Abu Odeh rebuild his family's security","card"
"23/12/2025, 12:50:10","tax","€","0.00","Help Fadi Abu Odeh rebuild his family's security","card"
"23/12/2025, 09:38:30","donation","£","20.00","Help Safia to provide a subsistence for her family in Gaza, Palestine","card"
"23/12/2025, 09:38:30","commission","£","0.00","Help Safia to provide a subsistence for her family in Gaza, Palestine","card"
"23/12/2025, 09:38:30","cost","£","-0.70","Help Safia to provide a subsistence for her family in Gaza, Palestine","card"
"23/12/2025, 09:38:30","tax","£","0.00","Help Safia to provide a subsistence for her family in Gaza, Palestine","card"
"22/12/2025, 00:22:52","donation","$","20.00","Help Mohamad support his family and save them from starvation in Gaza","link"
"22/12/2025, 00:22:52","commission","$","0.00","Help Mohamad support his family and save them from starvation in Gaza","link"
"22/12/2025, 00:22:52","cost","$","-0.95","Help Mohamad support his family and save them from starvation in Gaza","link"
"22/12/2025, 00:22:52","tax","$","0.00","Help Mohamad support his family and save them from starvation in Gaza","link"
"21/12/2025, 19:47:02","donation","£","30.00","Help Zina and her Family rebuild their lives in Gaza, Palestine.","card"
"21/12/2025, 19:47:02","commission","£","0.00","Help Zina and her Family rebuild their lives in Gaza, Palestine.","card"
"21/12/2025, 19:47:02","cost","£","-1.06","Help Zina and her Family rebuild their lives in Gaza, Palestine.","card"
"21/12/2025, 19:47:02","tax","£","0.00","Help Zina and her Family rebuild their lives in Gaza, Palestine.","card"
"20/12/2025, 21:41:30","donation","€","10.00","Help Fadi Abu Odeh rebuild his family's security","ideal"
"20/12/2025, 21:41:30","commission","€","0.00","Help Fadi Abu Odeh rebuild his family's security","ideal"
"20/12/2025, 21:41:30","cost","€","-0.35","Help Fadi Abu Odeh rebuild his family's security","ideal"
"20/12/2025, 21:41:30","tax","€","0.00","Help Fadi Abu Odeh rebuild his family's security","ideal"
"19/12/2025, 23:13:07","donation","€","11.00","Help Zina and her Family rebuild their lives in Gaza, Palestine.","link"
"19/12/2025, 23:13:07","commission","€","0.00","Help Zina and her Family rebuild their lives in Gaza, Palestine.","link"
"19/12/2025, 23:13:07","cost","€","-0.46","Help Zina and her Family rebuild their lives in Gaza, Palestine.","link"
"19/12/2025, 23:13:07","tax","€","0.00","Help Zina and her Family rebuild their lives in Gaza, Palestine.","link"
"19/12/2025, 08:31:47","donation","€","5.00","Help My Family Survive and Rebuild Our Lives in Gaza","card"
"19/12/2025, 08:31:47","commission","€","0.00","Help My Family Survive and Rebuild Our Lives in Gaza","card"
"19/12/2025, 08:31:47","cost","€","-0.35","Help My Family Survive and Rebuild Our Lives in Gaza","card"
"19/12/2025, 08:31:47","tax","€","0.00","Help My Family Survive and Rebuild Our Lives in Gaza","card"
"19/12/2025, 06:33:29","donation","$","10.00","Help Akram Mahmoud feed his family in Gaza","card"
"19/12/2025, 06:33:29","commission","$","0.00","Help Akram Mahmoud feed his family in Gaza","card"
"19/12/2025, 06:33:29","cost","$","-0.63","Help Akram Mahmoud feed his family in Gaza","card"
"19/12/2025, 06:33:29","tax","$","0.00","Help Akram Mahmoud feed his family in Gaza","card"
"19/12/2025, 06:04:55","donation","€","15.00","Help Magda's family after two years of displacements in Gaza","card"
"19/12/2025, 06:04:55","commission","€","0.00","Help Magda's family after two years of displacements in Gaza","card"
"19/12/2025, 06:04:55","cost","€","-0.74","Help Magda's family after two years of displacements in Gaza","card"
"19/12/2025, 06:04:55","tax","€","0.00","Help Magda's family after two years of displacements in Gaza","card"
"18/12/2025, 23:00:06","donation","$","10.00","Help Fadi Abu Odeh rebuild his family's security","card"
"18/12/2025, 23:00:06","commission","$","0.00","Help Fadi Abu Odeh rebuild his family's security","card"
"18/12/2025, 23:00:06","cost","$","-0.63","Help Fadi Abu Odeh rebuild his family's security","card"
"18/12/2025, 23:00:06","tax","$","0.00","Help Fadi Abu Odeh rebuild his family's security","card"
"18/12/2025, 14:47:43","donation","$","20.00","Help Fadi Abu Odeh rebuild his family's security","link"
"18/12/2025, 14:47:43","commission","$","0.00","Help Fadi Abu Odeh rebuild his family's security","link"
"18/12/2025, 14:47:43","cost","$","-0.98","Help Fadi Abu Odeh rebuild his family's security","link"
"18/12/2025, 14:47:43","tax","$","0.00","Help Fadi Abu Odeh rebuild his family's security","link"
"18/12/2025, 13:14:54","donation","$","20.00","Help Fadi Abu Odeh rebuild his family's security","card"
"18/12/2025, 13:14:54","commission","$","0.00","Help Fadi Abu Odeh rebuild his family's security","card"
"18/12/2025, 13:14:54","cost","$","-0.95","Help Fadi Abu Odeh rebuild his family's security","card"
"18/12/2025, 13:14:54","tax","$","0.00","Help Fadi Abu Odeh rebuild his family's security","card"
"18/12/2025, 00:23:17","donation","€","100.00","Save Ahed and his family from the genocide in Gaza, Palestine.","link"
"18/12/2025, 00:23:17","commission","€","0.00","Save Ahed and his family from the genocide in Gaza, Palestine.","link"
"18/12/2025, 00:23:17","cost","€","-3.53","Save Ahed and his family from the genocide in Gaza, Palestine.","link"
"18/12/2025, 00:23:17","tax","€","0.00","Save Ahed and his family from the genocide in Gaza, Palestine.","link"
"17/12/2025, 23:45:35","donation","$","50.00","Help Fadi Abu Odeh rebuild his family's security","card"
"17/12/2025, 23:45:35","commission","$","0.00","Help Fadi Abu Odeh rebuild his family's security","card"
"17/12/2025, 23:45:35","cost","$","-2.15","Help Fadi Abu Odeh rebuild his family's security","card"
"17/12/2025, 23:45:35","tax","$","0.00","Help Fadi Abu Odeh rebuild his family's security","card"
"15/12/2025, 21:12:27","donation","€","25.00","Help Mohamad support his family and save them from starvation in Gaza","link"
"15/12/2025, 21:12:27","commission","€","0.00","Help Mohamad support his family and save them from starvation in Gaza","link"
"15/12/2025, 21:12:27","cost","€","-0.73","Help Mohamad support his family and save them from starvation in Gaza","link"
"15/12/2025, 21:12:27","tax","€","0.00","Help Mohamad support his family and save them from starvation in Gaza","link"
"14/12/2025, 23:06:55","donation","$","25.00","Help Fadi Abu Odeh rebuild his family's security","card"
"14/12/2025, 23:06:55","commission","$","0.00","Help Fadi Abu Odeh rebuild his family's security","card"
"14/12/2025, 23:06:55","cost","$","-1.11","Help Fadi Abu Odeh rebuild his family's security","card"
"14/12/2025, 23:06:55","tax","$","0.00","Help Fadi Abu Odeh rebuild his family's security","card"
"13/12/2025, 10:58:09","donation","£","20.00","Help Hanin support her family and her injured husband in Gaza","card"
"13/12/2025, 10:58:09","commission","£","0.00","Help Hanin support her family and her injured husband in Gaza","card"
"13/12/2025, 10:58:09","cost","£","-0.70","Help Hanin support her family and her injured husband in Gaza","card"
"13/12/2025, 10:58:09","tax","£","0.00","Help Hanin support her family and her injured husband in Gaza","card"
"12/12/2025, 20:24:36","donation","€","50.00","Help Ahmed survive in Gaza during the genocide","card"
"12/12/2025, 20:24:36","commission","€","0.00","Help Ahmed survive in Gaza during the genocide","card"
"12/12/2025, 20:24:36","cost","€","-1.20","Help Ahmed survive in Gaza during the genocide","card"
"12/12/2025, 20:24:36","tax","€","0.00","Help Ahmed survive in Gaza during the genocide","card"
"12/12/2025, 20:17:21","donation","$","80.00","Help Mohamad support his family and save them from starvation in Gaza","link"
"12/12/2025, 20:17:21","commission","$","0.00","Help Mohamad support his family and save them from starvation in Gaza","link"
"12/12/2025, 20:17:21","cost","$","-3.16","Help Mohamad support his family and save them from starvation in Gaza","link"
"12/12/2025, 20:17:21","tax","$","0.00","Help Mohamad support his family and save them from starvation in Gaza","link"
"11/12/2025, 23:26:41","donation","$","25.00","Help Ahmed survive in Gaza during the genocide","card"
"11/12/2025, 23:26:41","commission","$","0.00","Help Ahmed survive in Gaza during the genocide","card"
"11/12/2025, 23:26:41","cost","$","-1.11","Help Ahmed survive in Gaza during the genocide","card"
"11/12/2025, 23:26:41","tax","$","0.00","Help Ahmed survive in Gaza during the genocide","card"
"11/12/2025, 22:31:13","donation","€","10.00","Help Ahmed survive in Gaza during the genocide","card"
"11/12/2025, 22:31:13","commission","€","0.00","Help Ahmed survive in Gaza during the genocide","card"
"11/12/2025, 22:31:13","cost","€","-0.58","Help Ahmed survive in Gaza during the genocide","card"
"11/12/2025, 22:31:13","tax","€","0.00","Help Ahmed survive in Gaza during the genocide","card"
"10/12/2025, 22:32:00","donation","$","15.00","Help Fadi Abu Odeh rebuild his family's security","card"
"10/12/2025, 22:32:00","commission","$","0.00","Help Fadi Abu Odeh rebuild his family's security","card"
"10/12/2025, 22:32:00","cost","$","-0.79","Help Fadi Abu Odeh rebuild his family's security","card"
"10/12/2025, 22:32:00","tax","$","0.00","Help Fadi Abu Odeh rebuild his family's security","card"
"10/12/2025, 10:00:33","donation","€","20.00","Help Ahmed survive in Gaza during the genocide","link"
"10/12/2025, 10:00:33","commission","€","0.00","Help Ahmed survive in Gaza during the genocide","link"
"10/12/2025, 10:00:33","cost","€","-0.63","Help Ahmed survive in Gaza during the genocide","link"
"10/12/2025, 10:00:33","tax","€","0.00","Help Ahmed survive in Gaza during the genocide","link"
"08/12/2025, 20:27:29","donation","€","50.00","Help Ahmed survive in Gaza during the genocide","link"
"08/12/2025, 20:27:29","commission","€","0.00","Help Ahmed survive in Gaza during the genocide","link"
"08/12/2025, 20:27:29","cost","€","-1.20","Help Ahmed survive in Gaza during the genocide","link"
"08/12/2025, 20:27:29","tax","€","0.00","Help Ahmed survive in Gaza during the genocide","link"
"08/12/2025, 17:40:16","donation","€","10.00","Help Ahmed survive in Gaza during the genocide","card"
"08/12/2025, 17:40:16","commission","€","0.00","Help Ahmed survive in Gaza during the genocide","card"
"08/12/2025, 17:40:16","cost","€","-0.44","Help Ahmed survive in Gaza during the genocide","card"
"08/12/2025, 17:40:16","tax","€","0.00","Help Ahmed survive in Gaza during the genocide","card"
"08/12/2025, 17:12:31","donation","€","50.00","Help Ahmed survive in Gaza during the genocide","card"
"08/12/2025, 17:12:31","commission","€","0.00","Help Ahmed survive in Gaza during the genocide","card"
"08/12/2025, 17:12:31","cost","€","-1.20","Help Ahmed survive in Gaza during the genocide","card"
"08/12/2025, 17:12:31","tax","€","0.00","Help Ahmed survive in Gaza during the genocide","card"
"08/12/2025, 14:44:59","donation","€","50.00","Help Ahmed survive in Gaza during the genocide","card"
"08/12/2025, 14:44:59","commission","€","0.00","Help Ahmed survive in Gaza during the genocide","card"
"08/12/2025, 14:44:59","cost","€","-1.20","Help Ahmed survive in Gaza during the genocide","card"
"08/12/2025, 14:44:59","tax","€","0.00","Help Ahmed survive in Gaza during the genocide","card"
"08/12/2025, 05:48:10","donation","$","100.00","Help Mohamad support his family and save them from starvation in Gaza","link"
"08/12/2025, 05:48:10","commission","$","0.00","Help Mohamad support his family and save them from starvation in Gaza","link"
"08/12/2025, 05:48:10","cost","$","-3.55","Help Mohamad support his family and save them from starvation in Gaza","link"
"08/12/2025, 05:48:10","tax","$","0.00","Help Mohamad support his family and save them from starvation in Gaza","link"
"07/12/2025, 22:49:20","donation","$","20.00","Help sister Sahar with her family, providing a subsistence in Gaza","card"
"07/12/2025, 22:49:20","commission","$","0.00","Help sister Sahar with her family, providing a subsistence in Gaza","card"
"07/12/2025, 22:49:20","cost","$","-1.18","Help sister Sahar with her family, providing a subsistence in Gaza","card"
"07/12/2025, 22:49:20","tax","$","0.00","Help sister Sahar with her family, providing a subsistence in Gaza","card"
"07/12/2025, 19:40:21","donation","$","5.00","Help sister Sahar with her family, providing a subsistence in Gaza","card"
"07/12/2025, 19:40:21","commission","$","0.00","Help sister Sahar with her family, providing a subsistence in Gaza","card"
"07/12/2025, 19:40:21","cost","$","-0.46","Help sister Sahar with her family, providing a subsistence in Gaza","card"
"07/12/2025, 19:40:21","tax","$","0.00","Help sister Sahar with her family, providing a subsistence in Gaza","card"
"06/12/2025, 15:56:58","donation","€","100.00","Save Abu Muhammad's children from the engineered starvation in Gaza","card"
"06/12/2025, 15:56:58","commission","€","0.00","Save Abu Muhammad's children from the engineered starvation in Gaza","card"
"06/12/2025, 15:56:58","cost","€","-3.50","Save Abu Muhammad's children from the engineered starvation in Gaza","card"
"06/12/2025, 15:56:58","tax","€","0.00","Save Abu Muhammad's children from the engineered starvation in Gaza","card"
"05/12/2025, 17:00:10","donation","€","10.00","Help Hala and her family rebuild their lives in Gaza","ideal"
"05/12/2025, 17:00:10","commission","€","0.00","Help Hala and her family rebuild their lives in Gaza","ideal"
"05/12/2025, 17:00:10","cost","€","-0.35","Help Hala and her family rebuild their lives in Gaza","ideal"
"05/12/2025, 17:00:10","tax","€","0.00","Help Hala and her family rebuild their lives in Gaza","ideal"
"05/12/2025, 16:54:22","donation","€","10.00","Help Aya and her family survive the bombings and find safety, Palestine.","ideal"
"05/12/2025, 16:54:22","commission","€","0.00","Help Aya and her family survive the bombings and find safety, Palestine.","ideal"
"05/12/2025, 16:54:22","cost","€","-0.35","Help Aya and her family survive the bombings and find safety, Palestine.","ideal"
"05/12/2025, 16:54:22","tax","€","0.00","Help Aya and her family survive the bombings and find safety, Palestine.","ideal"
"05/12/2025, 13:10:20","donation","$","20.00","Help Anas Mohammed's family survive the destruction in Gaza","card"
"05/12/2025, 13:10:20","commission","$","0.00","Help Anas Mohammed's family survive the destruction in Gaza","card"
"05/12/2025, 13:10:20","cost","$","-0.95","Help Anas Mohammed's family survive the destruction in Gaza","card"
"05/12/2025, 13:10:20","tax","$","0.00","Help Anas Mohammed's family survive the destruction in Gaza","card"
"05/12/2025, 13:01:19","donation","$","25.00","Help Fadi Abu Odeh rebuild his family's security","card"
"05/12/2025, 13:01:19","commission","$","0.00","Help Fadi Abu Odeh rebuild his family's security","card"
"05/12/2025, 13:01:19","cost","$","-1.11","Help Fadi Abu Odeh rebuild his family's security","card"
"05/12/2025, 13:01:19","tax","$","0.00","Help Fadi Abu Odeh rebuild his family's security","card"
"05/12/2025, 12:37:44","donation","€","10.00","Help Zina and her Family rebuild their lives in Gaza, Palestine.","ideal"
"05/12/2025, 12:37:44","commission","€","0.00","Help Zina and her Family rebuild their lives in Gaza, Palestine.","ideal"
"05/12/2025, 12:37:44","cost","€","-0.35","Help Zina and her Family rebuild their lives in Gaza, Palestine.","ideal"
"05/12/2025, 12:37:44","tax","€","0.00","Help Zina and her Family rebuild their lives in Gaza, Palestine.","ideal"
"05/12/2025, 12:17:47","donation","€","10.00","Help Zina and her Family rebuild their lives in Gaza, Palestine.","card"
"05/12/2025, 12:17:47","commission","€","0.00","Help Zina and her Family rebuild their lives in Gaza, Palestine.","card"
"05/12/2025, 12:17:47","cost","€","-0.44","Help Zina and her Family rebuild their lives in Gaza, Palestine.","card"
"05/12/2025, 12:17:47","tax","€","0.00","Help Zina and her Family rebuild their lives in Gaza, Palestine.","card"
"05/12/2025, 12:13:45","donation","€","10.00","Help Rozan and her family rebuild their lives in Gaza, Palestine.","card"
"05/12/2025, 12:13:45","commission","€","0.00","Help Rozan and her family rebuild their lives in Gaza, Palestine.","card"
"05/12/2025, 12:13:45","cost","€","-0.44","Help Rozan and her family rebuild their lives in Gaza, Palestine.","card"
"05/12/2025, 12:13:45","tax","€","0.00","Help Rozan and her family rebuild their lives in Gaza, Palestine.","card"
"05/12/2025, 11:54:14","donation","€","10.00","Help Maryam Ahmed & her sister survive starvation in Gaza.","card"
"05/12/2025, 11:54:14","commission","€","0.00","Help Maryam Ahmed & her sister survive starvation in Gaza.","card"
"05/12/2025, 11:54:14","cost","€","-0.44","Help Maryam Ahmed & her sister survive starvation in Gaza.","card"
"05/12/2025, 11:54:14","tax","€","0.00","Help Maryam Ahmed & her sister survive starvation in Gaza.","card"
