"Source","Category","Identifier","Status","Metric","MetricLabel","LastDate","Snippet"
"WhatsApp","Interactions","____________________________________________200_______________","Exported","1","Messages","16:06, 1/31/2026","Ù…Ø±Ø­Ø¨Ø§ 16:06"
"WhatsApp","Interactions","___________________________________________","Exported","1","Messages","16:06, 1/31/2026","Ù…Ø±Ø­Ø¨Ø§ 16:06"
"WhatsApp","Interactions","___________________________","Exported","1","Messages","16:06, 1/31/2026","Ù…Ø±Ø­Ø¨Ø§ 16:06"
"WhatsApp","Interactions","__________________Al_Arja__Ahed","Exported","1","Messages","16:06, 1/31/2026","Ù…Ø±Ø­Ø¨Ø§ 16:06"
"WhatsApp","Interactions","________________","Exported","1","Messages","16:06, 1/31/2026","Ù…Ø±Ø­Ø¨Ø§ 16:06"
"WhatsApp","Interactions","______________","Exported","1","Messages","16:06, 1/31/2026","Ù…Ø±Ø­Ø¨Ø§ 16:06"
"WhatsApp","Interactions","____________","Exported","1","Messages","16:06, 1/31/2026","Ù…Ø±Ø­Ø¨Ø§ 16:06"
"WhatsApp","Interactions","_________","Exported","1","Messages","16:06, 1/31/2026","Ù…Ø±Ø­Ø¨Ø§ 16:06"
"WhatsApp","Interactions","________","Exported","1","Messages","16:06, 1/31/2026","Ù…Ø±Ø­Ø¨Ø§ 16:06"
"WhatsApp","Interactions","_______","Exported","1","Messages","16:06, 1/31/2026","Ù…Ø±Ø­Ø¨Ø§ 16:06"
"WhatsApp","Interactions","______","Exported","1","Messages","16:06, 1/31/2026","Ù…Ø±Ø­Ø¨Ø§ 16:06"
"WhatsApp","Interactions","____","Exported","1","Messages","16:06, 1/31/2026","Ù…Ø±Ø­Ø¨Ø§ 16:06"
"WhatsApp","Interactions","____Um_Muhammad","Exported","1","Messages","16:06, 1/31/2026","Ù…Ø±Ø­Ø¨Ø§ 16:06"
"WhatsApp","Interactions","_1__617__429-4584","Exported","1","Messages","16:06, 1/31/2026","Ù…Ø±Ø­Ø¨Ø§ 16:06"
"WhatsApp","Interactions","_351_920_100_570","Exported","1","Messages","16:06, 1/31/2026","Ù…Ø±Ø­Ø¨Ø§ 16:06"
"WhatsApp","Interactions","_6_feet_underground_","Exported","1","Messages","16:06, 1/31/2026","Ù…Ø±Ø­Ø¨Ø§ 16:06"
"WhatsApp","Interactions","_91_90630_34868","Exported","1","Messages","16:06, 1/31/2026","Ù…Ø±Ø­Ø¨Ø§ 16:06"
"WhatsApp","Interactions","_970_597_015_530","Exported","1","Messages","16:06, 1/31/2026","Ù…Ø±Ø­Ø¨Ø§ 16:06"
"WhatsApp","Interactions","_972_59-203-5786","Exported","1","Messages","16:06, 1/31/2026","Ù…Ø±Ø­Ø¨Ø§ 16:06"
"WhatsApp","Interactions","_972_59-211-3473","Exported","1","Messages","16:06, 1/31/2026","Ù…Ø±Ø­Ø¨Ø§ 16:06"
"WhatsApp","Interactions","_972_59-256-6759","Exported","1","Messages","16:06, 1/31/2026","Ù…Ø±Ø­Ø¨Ø§ 16:06"
"WhatsApp","Interactions","_972_59-342-0440","Exported","1","Messages","16:06, 1/31/2026","Ù…Ø±Ø­Ø¨Ø§ 16:06"
"WhatsApp","Interactions","_972_59-367-4829","Exported","1","Messages","16:06, 1/31/2026","Ù…Ø±Ø­Ø¨Ø§ 16:06"
"WhatsApp","Interactions","_972_59-525-2294","Exported","1","Messages","16:06, 1/31/2026","Ù…Ø±Ø­Ø¨Ø§ 16:06"
"WhatsApp","Interactions","_972_59-577-8247","Exported","1","Messages","16:06, 1/31/2026","Ù…Ø±Ø­Ø¨Ø§ 16:06"
"WhatsApp","Interactions","_972_59-581-2843","Exported","1","Messages","16:06, 1/31/2026","Ù…Ø±Ø­Ø¨Ø§ 16:06"
"WhatsApp","Interactions","_972_59-585-1870","Exported","1","Messages","16:06, 1/31/2026","Ù…Ø±Ø­Ø¨Ø§ 16:06"
"WhatsApp","Interactions","_972_59-730-1154","Exported","1","Messages","16:06, 1/31/2026","Ù…Ø±Ø­Ø¨Ø§ 16:06"
"WhatsApp","Interactions","_972_59-740-5081","Exported","1","Messages","16:06, 1/31/2026","Ù…Ø±Ø­Ø¨Ø§ 16:06"
"WhatsApp","Interactions","_972_59-746-0154","Exported","1","Messages","16:06, 1/31/2026","Ù…Ø±Ø­Ø¨Ø§ 16:06"
"WhatsApp","Interactions","_972_59-765-9102","Exported","1","Messages","16:06, 1/31/2026","Ù…Ø±Ø­Ø¨Ø§ 16:06"
"WhatsApp","Interactions","_972_59-766-2819","Exported","1","Messages","16:06, 1/31/2026","Ù…Ø±Ø­Ø¨Ø§ 16:06"
"WhatsApp","Interactions","_972_59-769-5377","Exported","1","Messages","16:06, 1/31/2026","Ù…Ø±Ø­Ø¨Ø§ 16:06"
"WhatsApp","Interactions","_972_59-796-4354","Exported","1","Messages","16:06, 1/31/2026","Ù…Ø±Ø­Ø¨Ø§ 16:06"
"WhatsApp","Interactions","_972_59-833-5471","Exported","1","Messages","16:06, 1/31/2026","Ù…Ø±Ø­Ø¨Ø§ 16:06"
"WhatsApp","Interactions","_972_59-836-2417","Exported","1","Messages","16:06, 1/31/2026","Ù…Ø±Ø­Ø¨Ø§ 16:06"
"WhatsApp","Interactions","_972_59-860-4008","Exported","1","Messages","16:06, 1/31/2026","Ù…Ø±Ø­Ø¨Ø§ 16:06"
"WhatsApp","Interactions","_972_59-906-4102","Exported","1","Messages","16:06, 1/31/2026","Ù…Ø±Ø­Ø¨Ø§ 16:06"
"WhatsApp","Interactions","_972_59-919-7456","Exported","1","Messages","16:06, 1/31/2026","Ù…Ø±Ø­Ø¨Ø§ 16:06"
"WhatsApp","Interactions","_972_59-956-0696","Exported","1","Messages","16:06, 1/31/2026","Ù…Ø±Ø­Ø¨Ø§ 16:06"
"WhatsApp","Interactions","_972_59-960-3541","Exported","1","Messages","16:06, 1/31/2026","Ù…Ø±Ø­Ø¨Ø§ 16:06"
"WhatsApp","Interactions","_All_I_know_is_she_was_very_much_in_need_of_the_funds_from_her_campaign_and_she_had_not_heard_from_you_after_leaving_several_messages__So_if_you_have_not_been_in_touch_directly_with_her__please_do_so__","Exported","1","Messages","16:06, 1/31/2026","Ù…Ø±Ø­Ø¨Ø§ 16:06"
"WhatsApp","Interactions","_Go_back_to_your_browser_and_click_on__Check_for_verification__button_to_complete_verification_process__","Exported","1","Messages","16:06, 1/31/2026","Ù…Ø±Ø­Ø¨Ø§ 16:06"
"WhatsApp","Interactions","_Good_evening_","Exported","1","Messages","16:06, 1/31/2026","Ù…Ø±Ø­Ø¨Ø§ 16:06"
"WhatsApp","Interactions","_Hello_","Exported","1","Messages","16:06, 1/31/2026","Ù…Ø±Ø­Ø¨Ø§ 16:06"
"WhatsApp","Interactions","_Help_me_brother_please_","Exported","1","Messages","16:06, 1/31/2026","Ù…Ø±Ø­Ø¨Ø§ 16:06"
"WhatsApp","Interactions","_Hi_","Exported","1","Messages","16:06, 1/31/2026","Ù…Ø±Ø­Ø¨Ø§ 16:06"
"WhatsApp","Interactions","_How_are_you_","Exported","1","Messages","16:06, 1/31/2026","Ù…Ø±Ø­Ø¨Ø§ 16:06"
"WhatsApp","Interactions","_I_acknowledge_that_","Exported","1","Messages","16:06, 1/31/2026","Ù…Ø±Ø­Ø¨Ø§ 16:06"
"WhatsApp","Interactions","_I_desperately_need_money__my_brother__","Exported","1","Messages","16:06, 1/31/2026","Ù…Ø±Ø­Ø¨Ø§ 16:06"
"WhatsApp","Interactions","_I_have__600_in_the_old_campaign__please_send_me_a_little_more__","Exported","1","Messages","16:06, 1/31/2026","Ù…Ø±Ø­Ø¨Ø§ 16:06"
"WhatsApp","Interactions","_I_m_from_Gaza__I_have_four_children_and_I_need_to_create_a_link__Would_you_please_help_me_create_the_link__","Exported","1","Messages","16:06, 1/31/2026","Ù…Ø±Ø­Ø¨Ø§ 16:06"
"WhatsApp","Interactions","_I_want_you_to_send_the_rest_of_Wardah_s_money__","Exported","1","Messages","16:06, 1/31/2026","Ù…Ø±Ø­Ø¨Ø§ 16:06"
"WhatsApp","Interactions","_Im_tird_i_have_to_go_","Exported","1","Messages","16:06, 1/31/2026","Ù…Ø±Ø­Ø¨Ø§ 16:06"
"WhatsApp","Interactions","_Inshallah_","Exported","1","Messages","16:06, 1/31/2026","Ù…Ø±Ø­Ø¨Ø§ 16:06"
"WhatsApp","Interactions","_Inshallah_get_the_heck_here_","Exported","1","Messages","16:06, 1/31/2026","Ù…Ø±Ø­Ø¨Ø§ 16:06"
"WhatsApp","Interactions","_marhaban__ana_min_ghazat_bidi_aiemal_rabit_shafid_","Exported","1","Messages","16:06, 1/31/2026","Ù…Ø±Ø­Ø¨Ø§ 16:06"
"WhatsApp","Interactions","_my_from_gaza_","Exported","1","Messages","16:06, 1/31/2026","Ù…Ø±Ø­Ø¨Ø§ 16:06"
"WhatsApp","Interactions","_Okay__brother__please_don_t_delay_in_helping_them__Their_situation_is_extremely_difficult__Send_I_sent_you_the_link_to_my_wallet__Thank_you__brother__","Exported","1","Messages","16:06, 1/31/2026","Ù…Ø±Ø­Ø¨Ø§ 16:06"
"WhatsApp","Interactions","_Photo_","Exported","1","Messages","16:06, 1/31/2026","Ù…Ø±Ø­Ø¨Ø§ 16:06"
"WhatsApp","Interactions","_Please__brother__I_need_help__","Exported","1","Messages","16:06, 1/31/2026","Ù…Ø±Ø­Ø¨Ø§ 16:06"
"WhatsApp","Interactions","_Please__please__please_answer_me_____________","Exported","1","Messages","16:06, 1/31/2026","Ù…Ø±Ø­Ø¨Ø§ 16:06"
"WhatsApp","Interactions","_Please_help_me_create_a_link_so_I_can_help_my_children_","Exported","1","Messages","16:06, 1/31/2026","Ù…Ø±Ø­Ø¨Ø§ 16:06"
"WhatsApp","Interactions","_Please_send_me_the_money__brother__","Exported","1","Messages","16:06, 1/31/2026","Ù…Ø±Ø­Ø¨Ø§ 16:06"
"WhatsApp","Interactions","_Praise_be_to_God_in_all_circumstances___________","Exported","1","Messages","16:06, 1/31/2026","Ù…Ø±Ø­Ø¨Ø§ 16:06"
"WhatsApp","Interactions","_Thank_you_for_the_clarification__I_completely_understand_your_point_of_view__I_d_be_happy_to_join_when_you_re_ready_to_expand_and_operate_smoothly__God_willing__and_I_wish_you_all_the_best_in_your_future_plans____","Exported","1","Messages","16:06, 1/31/2026","Ù…Ø±Ø­Ø¨Ø§ 16:06"
"WhatsApp","Interactions","_This_message_was_deleted_","Exported","1","Messages","16:06, 1/31/2026","Ù…Ø±Ø­Ø¨Ø§ 16:06"
"WhatsApp","Interactions","_Welcome_","Exported","1","Messages","16:06, 1/31/2026","Ù…Ø±Ø­Ø¨Ø§ 16:06"
"WhatsApp","Interactions","_What_data_do_you_need_me_to_send_you_so_you_can_create_a_link_for_it__","Exported","1","Messages","16:06, 1/31/2026","Ù…Ø±Ø­Ø¨Ø§ 16:06"
"WhatsApp","Interactions","_What_happened_to_the_rest_of_the_campaign_funds__","Exported","1","Messages","16:06, 1/31/2026","Ù…Ø±Ø­Ø¨Ø§ 16:06"
"WhatsApp","Interactions","_Where_are_you__brother__Why_are_you_ignoring_us__","Exported","1","Messages","16:06, 1/31/2026","Ù…Ø±Ø­Ø¨Ø§ 16:06"
"WhatsApp","Interactions","_yes__my_brother__you_really_do_well__i_am_working_only_a_program_to_mange_all_my_whatsapps_chuffed__whydonate_and_i_will_be_able_to_be_more_useful_and_provide_more_of_what_iam_here_to_provide___","Exported","1","Messages","16:06, 1/31/2026","Ù…Ø±Ø­Ø¨Ø§ 16:06"
"WhatsApp","Interactions","_Your_security_code_with_Mohamad_Yahya_Al-Baz_changed__Click_to_learn_more_","Exported","1","Messages","16:06, 1/31/2026","Ù…Ø±Ø­Ø¨Ø§ 16:06"
"WhatsApp","Interactions","","Exported","2","Messages","","Type a message"
"WhatsApp","Interactions","ï¸","Exported","1","Messages","16:06, 1/31/2026","Ù…Ø±Ø­Ø¨Ø§ 16:06"
"WhatsApp","Interactions","351_920_100_570","Exported","2","Messages","","Type a message"
"WhatsApp","Interactions","91_90630_34868","Exported","1","Messages","16:06, 1/31/2026","Ù…Ø±Ø­Ø¨Ø§"
"WhatsApp","Interactions","972_59-211-3473","Exported","1","Messages","16:06, 1/31/2026","Ù…Ø±Ø­Ø¨Ø§ 16:06"
"WhatsApp","Interactions","972_59-256-6759","Exported","1","Messages","16:06, 1/31/2026","Ù…Ø±Ø­Ø¨Ø§ 16:06"
"WhatsApp","Interactions","972_59-342-0440","Exported","1","Messages","16:06, 1/31/2026","Ù…Ø±Ø­Ø¨Ø§ 16:06"
"WhatsApp","Interactions","972_59-367-4829","Exported","1","Messages","16:06, 1/31/2026","Ù…Ø±Ø­Ø¨Ø§"
"WhatsApp","Interactions","972_59-525-2294","Exported","1","Messages","16:06, 1/31/2026","Ù…Ø±Ø­Ø¨Ø§ 16:06"
"WhatsApp","Interactions","972_59-577-8247","Exported","1","Messages","16:06, 1/31/2026","Ù…Ø±Ø­Ø¨Ø§"
"WhatsApp","Interactions","972_59-581-2843","Exported","1","Messages","16:06, 1/31/2026","Ù…Ø±Ø­Ø¨Ø§"
"WhatsApp","Interactions","972_59-730-1154","Exported","1","Messages","16:06, 1/31/2026","Ù…Ø±Ø­Ø¨Ø§"
"WhatsApp","Interactions","972_59-740-5081","Exported","1","Messages","16:06, 1/31/2026","Ù…Ø±Ø­Ø¨Ø§ 16:06"
"WhatsApp","Interactions","972_59-766-2819","Exported","1","Messages","16:06, 1/31/2026","Ù…Ø±Ø­Ø¨Ø§"
"WhatsApp","Interactions","972_59-769-5377","Exported","1","Messages","16:06, 1/31/2026","Ù…Ø±Ø­Ø¨Ø§"
"WhatsApp","Interactions","972_59-796-4354","Exported","1","Messages","16:06, 1/31/2026","Ù…Ø±Ø­Ø¨Ø§"
"WhatsApp","Interactions","972_59-833-5471","Exported","1","Messages","16:06, 1/31/2026","Ù…Ø±Ø­Ø¨Ø§"
"WhatsApp","Interactions","972_59-906-4102","Exported","1","Messages","16:06, 1/31/2026","Ù…Ø±Ø­Ø¨Ø§"
"WhatsApp","Interactions","972_59-919-7456","Exported","1","Messages","16:06, 1/31/2026","Ù…Ø±Ø­Ø¨Ø§"
"WhatsApp","Interactions","972_59-960-3541","Exported","1","Messages","16:06, 1/31/2026","Ù…Ø±Ø­Ø¨Ø§ 16:06"
"WhatsApp","Interactions","Abdulrahman","Exported","1","Messages","16:06, 1/31/2026","Ù…Ø±Ø­Ø¨Ø§ 16:06"
"WhatsApp","Interactions","Abu_Odeh_s_munish_Marwan_We_feed_Gaza_Muhammad_Tamam","Exported","1","Messages","16:06, 1/31/2026","Ù…Ø±Ø­Ø¨Ø§ 16:06"
"WhatsApp","Interactions","Abu_Odehs_munish_Marwan_We_feed_Gaza_Muhammad_Tamam","Exported","1","Messages","16:06, 1/31/2026","Ù…Ø±Ø­Ø¨Ø§"
"WhatsApp","Interactions","Adil_L_","Exported","1","Messages","16:06, 1/31/2026","Ù…Ø±Ø­Ø¨Ø§ 16:06"
"WhatsApp","Interactions","Adil_Laabi","Exported","1","Messages","16:06, 1/31/2026","Ù…Ø±Ø­Ø¨Ø§ 16:06"
"WhatsApp","Interactions","Ahmed___s_daughter__Alkfarna","Exported","1","Messages","16:06, 1/31/2026","Ù…Ø±Ø­Ø¨Ø§ 16:06"
"WhatsApp","Interactions","Ahmed_s_daughter_Alkfarna","Exported","2","Messages","","Type a message"
"WhatsApp","Interactions","Ahmed_Salman","Exported","1","Messages","16:06, 1/31/2026","Ù…Ø±Ø­Ø¨Ø§ 16:06"
"WhatsApp","Interactions","Akram_Mahmoud","Exported","1","Messages","16:06, 1/31/2026","Ù…Ø±Ø­Ø¨Ø§ 16:06"
"WhatsApp","Interactions","alaa_ishaq","Exported","1","Messages","16:06, 1/31/2026","Ù…Ø±Ø­Ø¨Ø§ 16:06"
"WhatsApp","Interactions","Asi_Zaina_Ali_________","Exported","1","Messages","16:06, 1/31/2026","Ù…Ø±Ø­Ø¨Ø§ 16:06"
"WhatsApp","Interactions","Asi_Zaina_Ali_Ø§Ù„Ø­Ù…Ø¯Ù„Ù„Ù‡","Exported","1","Messages","16:06, 1/31/2026","Ù…Ø±Ø­Ø¨Ø§ 16:06"
"WhatsApp","Interactions","Assem__Khaled__Fadi_Abu_Odeh","Exported","1","Messages","16:06, 1/31/2026","Ù…Ø±Ø­Ø¨Ø§ 16:06"
"WhatsApp","Interactions","Assem_Khaled_Fadi_Abu_Odeh","Exported","1","Messages","16:06, 1/31/2026","Ù…Ø±Ø­Ø¨Ø§"
"WhatsApp","Interactions","Aya_Gaza_Bombings______","Exported","1","Messages","16:06, 1/31/2026","Ù…Ø±Ø­Ø¨Ø§ 16:06"
"WhatsApp","Interactions","Aya_Gaza_Bombings_ØªØ³ÙˆÙŠÙ‚","Exported","1","Messages","16:06, 1/31/2026","Ù…Ø±Ø­Ø¨Ø§ 16:06"
"WhatsApp","Interactions","Bahaa___Wesam__ALLOUH_Gaza","Exported","1","Messages","16:06, 1/31/2026","Ù…Ø±Ø­Ø¨Ø§ 16:06"
"WhatsApp","Interactions","Bahaa_Wesam_ALLOUH_Gaza","Exported","2","Messages","","Type a message"
"WhatsApp","Interactions","Basil_Together_We_Narrate","Exported","1","Messages","16:06, 1/31/2026","Ù…Ø±Ø­Ø¨Ø§ 16:06"
"WhatsApp","Interactions","fk7434539","Exported","1","Messages","16:06, 1/31/2026","Ù…Ø±Ø­Ø¨Ø§ 16:06"
"WhatsApp","Interactions","Hamza_Al-Adini","Exported","1","Messages","16:06, 1/31/2026","Ù…Ø±Ø­Ø¨Ø§ 16:06"
"WhatsApp","Interactions","Hanan_Umm_Mohammed_Dahman","Exported","1","Messages","16:06, 1/31/2026","Ù…Ø±Ø­Ø¨Ø§ 16:06"
"WhatsApp","Interactions","Hanin_Salama_Mohammed_Fatair","Exported","1","Messages","16:06, 1/31/2026","Ù…Ø±Ø­Ø¨Ø§ 16:06"
"WhatsApp","Interactions","Hayam_Mohammed","Exported","1","Messages","16:06, 1/31/2026","Ù…Ø±Ø­Ø¨Ø§ 16:06"
"WhatsApp","Interactions","Haytham","Exported","1","Messages","16:06, 1/31/2026","Ù…Ø±Ø­Ø¨Ø§ 16:06"
"WhatsApp","Interactions","Help_me_brother_please","Exported","1","Messages","16:06, 1/31/2026","Ù…Ø±Ø­Ø¨Ø§"
"WhatsApp","Interactions","Hi","Exported","1","Messages","16:06, 1/31/2026","Ù…Ø±Ø­Ø¨Ø§"
"WhatsApp","Interactions","How_are_you","Exported","1","Messages","16:06, 1/31/2026","Ù…Ø±Ø­Ø¨Ø§"
"WhatsApp","Interactions","I_desperately_need_money_my_brother","Exported","2","Messages","","Type a message"
"WhatsApp","Interactions","I_have_600_in_the_old_campaign_please_send_me_a_little_more","Exported","1","Messages","16:06, 1/31/2026","Ù…Ø±Ø­Ø¨Ø§"
"WhatsApp","Interactions","Ibrahim","Exported","1","Messages","16:06, 1/31/2026","Ù…Ø±Ø­Ø¨Ø§ 16:06"
"WhatsApp","Interactions","Inshallah_get_the_heck_here","Exported","2","Messages","","Type a message"
"WhatsApp","Interactions","Ismail____","Exported","1","Messages","16:06, 1/31/2026","Ù…Ø±Ø­Ø¨Ø§ 16:06"
"WhatsApp","Interactions","Ismail","Exported","1","Messages","16:06, 1/31/2026","Ù…Ø±Ø­Ø¨Ø§ 16:06"
"WhatsApp","Interactions","Jotform","Exported","1","Messages","16:06, 1/31/2026","Ù…Ø±Ø­Ø¨Ø§ 16:06"
"WhatsApp","Interactions","kamiL_zoroub","Exported","1","Messages","16:06, 1/31/2026","Ù…Ø±Ø­Ø¨Ø§ 16:06"
"WhatsApp","Interactions","Khaled_Mounes","Exported","1","Messages","16:06, 1/31/2026","Ù…Ø±Ø­Ø¨Ø§ 16:06"
"WhatsApp","Interactions","Lama__Light_for_sure___","Exported","1","Messages","16:06, 1/31/2026","Ù…Ø±Ø­Ø¨Ø§ 16:06"
"WhatsApp","Interactions","LamaLight_for_sure_","Exported","2","Messages","","Type a message"
"WhatsApp","Interactions","Lawyer_Nizar","Exported","1","Messages","16:06, 1/31/2026","Ù…Ø±Ø­Ø¨Ø§ 16:06"
"WhatsApp","Interactions","Malik_Thavuth","Exported","1","Messages","16:06, 1/31/2026","Ù…Ø±Ø­Ø¨Ø§ 16:06"
"WhatsApp","Interactions","marhaban_ana_min_ghazat_bidi_aiemal_rabit_shafid","Exported","1","Messages","16:06, 1/31/2026","Ù…Ø±Ø­Ø¨Ø§"
"WhatsApp","Interactions","Mohamad_Yahya_Al-Baz","Exported","1","Messages","16:06, 1/31/2026","Ù…Ø±Ø­Ø¨Ø§ 16:06"
"WhatsApp","Interactions","Mohammed_Mounes_Abu_Odeh__Khaled_s_","Exported","1","Messages","16:06, 1/31/2026","Ù…Ø±Ø­Ø¨Ø§ 16:06"
"WhatsApp","Interactions","Mohammed_Mounes_Abu_Odeh_Khaleds","Exported","1","Messages","16:06, 1/31/2026","Ù…Ø±Ø­Ø¨Ø§ 16:06"
"WhatsApp","Interactions","Muhammad_A_Father_s_Plea","Exported","1","Messages","16:06, 1/31/2026","Ù…Ø±Ø­Ø¨Ø§ 16:06"
"WhatsApp","Interactions","Muhammad_A_Fathers_Plea","Exported","1","Messages","16:06, 1/31/2026","Ù…Ø±Ø­Ø¨Ø§"
"WhatsApp","Interactions","my_from_gaza","Exported","1","Messages","16:06, 1/31/2026","Ù…Ø±Ø­Ø¨Ø§"
"WhatsApp","Interactions","Noor_Jamal","Exported","1","Messages","16:06, 1/31/2026","Ù…Ø±Ø­Ø¨Ø§ 16:06"
"WhatsApp","Interactions","Photo","Exported","1","Messages","16:06, 1/31/2026","Ù…Ø±Ø­Ø¨Ø§"
"WhatsApp","Interactions","Please_brother_I_need_help","Exported","1","Messages","16:06, 1/31/2026","Ù…Ø±Ø­Ø¨Ø§ 16:06"
"WhatsApp","Interactions","Please_help_me_create_a_link_so_I_can_help_my_children","Exported","1","Messages","16:06, 1/31/2026","Ù…Ø±Ø­Ø¨Ø§"
"WhatsApp","Interactions","Please_please_please_answer_me_","Exported","1","Messages","16:06, 1/31/2026","Ù…Ø±Ø­Ø¨Ø§ 16:06"
"WhatsApp","Interactions","Please_send_me_the_money_brother","Exported","1","Messages","16:06, 1/31/2026","Ù…Ø±Ø­Ø¨Ø§"
"WhatsApp","Interactions","Redemption_of_Abu_Al-Qaraya","Exported","1","Messages","16:06, 1/31/2026","Ù…Ø±Ø­Ø¨Ø§ 16:06"
"WhatsApp","Interactions","Rozan_Yaser201","Exported","1","Messages","16:06, 1/31/2026","Ù…Ø±Ø­Ø¨Ø§ 16:06"
"WhatsApp","Interactions","Safia_Muhammad_Al-Aqraa","Exported","1","Messages","16:06, 1/31/2026","Ù…Ø±Ø­Ø¨Ø§ 16:06"
"WhatsApp","Interactions","Sister_Raghda_Gaza","Exported","1","Messages","16:06, 1/31/2026","Ù…Ø±Ø­Ø¨Ø§ 16:06"
"WhatsApp","Interactions","This_message_was_deleted","Exported","2","Messages","","Type a message"
"WhatsApp","Interactions","Wafaa","Exported","1","Messages","16:06, 1/31/2026","Ù…Ø±Ø­Ø¨Ø§ 16:06"
"WhatsApp","Interactions","Welcome","Exported","1","Messages","16:06, 1/31/2026","Ù…Ø±Ø­Ø¨Ø§ 16:06"
"WhatsApp","Interactions","What_data_do_you_need_me_to_send_you_so_you_can_create_a_link_for_it","Exported","1","Messages","16:06, 1/31/2026","Ù…Ø±Ø­Ø¨Ø§ 16:06"
"WhatsApp","Interactions","What_happened_to_the_rest_of_the_campaign_funds","Exported","1","Messages","16:06, 1/31/2026","Ù…Ø±Ø­Ø¨Ø§ 16:06"
"WhatsApp","Interactions","Where_are_you_brother_Why_are_you_ignoring_us","Exported","1","Messages","16:06, 1/31/2026","Ù…Ø±Ø­Ø¨Ø§ 16:06"
"WhatsApp","Interactions","Your_security_code_with_Mohamad_Yahya_Al-Baz_changed_Click_to_learn_more","Exported","1","Messages","16:06, 1/31/2026","Ù…Ø±Ø­Ø¨Ø§ 16:06"
"WhatsApp","Interactions","Ø§Ø¹Ù…Ù„Ù‰_Ø±Ø§Ø¨Ø·","Exported","1","Messages","16:06, 1/31/2026","Ù…Ø±Ø­Ø¨Ø§"
"WhatsApp","Interactions","Ø§Ù‡","Exported","1","Messages","16:06, 1/31/2026","Ù…Ø±Ø­Ø¨Ø§"
"WhatsApp","Interactions","Ø¹Ø§Ù‡Ø¯_Ù…Ù†_ØºØ²Ø©_Ø§Ù„Ø¹Ø²Ø©_Al_Arja_Ahed","Exported","1","Messages","16:06, 1/31/2026","Ù…Ø±Ø­Ø¨Ø§"
"WhatsApp","Interactions","ÙƒÙŠÙ_Ù…Ù…ÙƒÙ†_Ø§Ø¹Ù…Ù„_Ø±Ø§Ø¨Ø·_ØªØ¨Ø±Ø¹Ø§Øª","Exported","1","Messages","16:06, 1/31/2026","Ù…Ø±Ø­Ø¨Ø§ 16:06"
"WhatsApp","Interactions","Ù…Ø±Ø­Ø¨Ø§_ÙƒÙŠÙÙƒ","Exported","1","Messages","16:06, 1/31/2026","Ù…Ø±Ø­Ø¨Ø§ 16:06"
"WhatsApp","Interactions","Ù‡Ù„_Ù„Ø¯ÙŠÙƒ_Ø§ÙˆÙ„Ø§Ø¯_ÙÙŠ_Ø§Ù„Ø¬Ø§Ù…Ø¹Ø©_Ø§Ø¹ØªØ¨Ø±_Ø§Ø¨Ù†Ùƒ_Ù…ÙƒØ§Ù†ÙŠ","Exported","1","Messages","16:06, 1/31/2026","Ù…Ø±Ø­Ø¨Ø§"
"WhatsApp","Interactions","ÙˆØ§Ø¦Ù„Um_Muhammad","Exported","1","Messages","16:06, 1/31/2026","Ù…Ø±Ø­Ø¨Ø§ 16:06"
"WhatsApp","Interactions","ÙŠØ³Ø¹Ø¯ÙƒÙƒÙƒ_Ø±Ø¯_Ø¹Ù„Ù‰","Exported","1","Messages","16:06, 1/31/2026","Ù…Ø±Ø­Ø¨Ø§"
"Campaign","chuffed","Mohammed Y.","redacted","0","EUR Raised","30.03.2025 14:36:51","Help Mohammed Yasser and his family rebuild their lives in Gaza, Palestine."
"Campaign","chuffed","Fares","redacted","0","EUR Raised","30.03.2025 16:07:14","Ø³Ø§Ø¹Ø¯ ÙØ§Ø±Ø³ ÙˆØ¹Ø§Ø¦Ù„ØªÙ‡ ÙÙŠ Ø¥Ø¹Ø§Ø¯Ø© Ø¨Ù†Ø§Ø¡ Ø­ÙŠØ§ØªÙ‡Ù… ÙÙŠ ØºØ²Ø©ØŒ ÙÙ„Ø³Ø·ÙŠÙ†. Fares Gaza"
"Campaign","chuffed","Haytham","redacted","0","EUR Raised","30.03.2025 20:01:56","Help Haytham and his large family rebuild their lives in Gaza, Palestine."
"Campaign","chuffed","Mohammed K.","redacted","0","EUR Raised","31.03.2025 14:23:12","Help Mohammed K. and his family rebuild their lives in Gaza"
"Campaign","chuffed","Rozan","redacted","10","EUR Raised","31.03.2025 15:45:32","Help Rozan and her family rebuild their lives in Gaza, Palestine."
"Campaign","chuffed","Wasem","redacted","0","EUR Raised","31.03.2025 20:26:07","Help Wasem and his family rebuild their lives in Gaza, Palestine."
"Campaign","chuffed","Jamil","redacted","0","EUR Raised","05.04.2025 07:20:08","Help Jamil and his family rebuild their lives in Gaza, Palestine."
"Campaign","chuffed","Abdallah","redacted","0","EUR Raised","05.04.2025 14:46:36","Help Abdallah and his family go outÂ of Gaza"
"Campaign","chuffed","Mohammed","redacted","0","EUR Raised","18.04.2025 19:06:50","Help Mohammed and his family rebuild their lives inÂ Gaza, Palestine."
"Campaign","chuffed","Bahaa","redacted","0","EUR Raised","18.04.2025 20:37:09","Help Bahaa and his family rebuild their lives inÂ Gaza, Palestine."
"Campaign","chuffed","Rosella","redacted","0","EUR Raised","19.04.2025 17:12:08","Help Rosella and her family rebuild their lives inÂ Gaza, Palestine."
"Campaign","chuffed","Wesam","redacted","0","EUR Raised","19.04.2025 19:59:07","Help Wesam and his family rebuild their lives inÂ Gaza, Palestine."
"Campaign","chuffed","Samer","redacted","0","EUR Raised","21.04.2025 13:54:43","Help Samer and his family make a living inÂ Gaza, Palestine."
"Campaign","chuffed","Tasneem","redacted","0","EUR Raised","21.04.2025 19:13:35","Help Tasneem and her son survive living inÂ Gaza, Palestine."
"Campaign","chuffed","Ayad","redacted","0","EUR Raised","22.04.2025 20:43:59","Help Ayad and his family survive the genocide inÂ Gaza, Palestine."
"Campaign","chuffed","Ahmed","redacted","0","EUR Raised","26.04.2025 12:28:27","Help Ahmed and his family survive the genocide of Gaza, Palestine."
"Campaign","chuffed","Mohammad","redacted","0","EUR Raised","29.04.2025 12:28:17","Help Mohammad and his family rebuild their lives in Gaza, Palestine."
"Campaign","chuffed","Ahmed","redacted","0","EUR Raised","29.04.2025 14:21:20","Help Ahmed and his family rebuild their lives out of Gaza, Palestine."
"Campaign","chuffed","Marah","redacted","0","EUR Raised","02.05.2025 12:10:36","Help Marah and her family rebuild their lives, Palestine."
"Campaign","chuffed","Mohammed","redacted","0","EUR Raised","03.05.2025 17:11:19","Help Mohammed and his family survive the bombings and find safety"
"Campaign","chuffed","Aya","redacted","0","EUR Raised","05.05.2025 14:54:00","Help Aya and her family survive the bombings and find safety, Gaza, Palestine."
"Campaign","chuffed","Youssef","redacted","0","EUR Raised","06.05.2025 19:37:35","Help Youssef and his family survive the genocide by finding safety within Gaza, Palestine."
"Campaign","chuffed","Manar","redacted","0","EUR Raised","07.05.2025 07:32:15","Help Manar and Her family survive the genocide by finding safety within Gaza, Palestine."
"Campaign","chuffed","Maha","redacted","0","EUR Raised","07.05.2025 12:33:01","Help Maha and Her family survive the genocide in Gaza, Palestine."
"Campaign","chuffed","Umm I.","redacted","0","EUR Raised","08.05.2025 17:07:01","Help Umm Iman and Her family survive the genocide in Gaza, Palestine."
"Campaign","chuffed","Ahmad","redacted","0","EUR Raised","09.05.2025 15:45:11","Help Ahmad and His family rebuild from the genocide in Gaza, Palestine."
"Campaign","chuffed","Abdul R.","redacted","0","EUR Raised","09.05.2025 20:04:05","Help Abdul Rahman and His family of 7 rent a house in Gaza, Palestine."
"Campaign","chuffed","Oday","redacted","0","EUR Raised","10.05.2025 17:49:33","Help  Oday and His family to rebuild their life in Gaza, Palestine."
"Campaign","chuffed","Faten","redacted","0","EUR Raised","12.05.2025 13:57:41","Help Faten to help His daughter and to rebuild their life in Gaza, Palestine."
"Campaign","chuffed","Hamed","redacted","0","EUR Raised","14.05.2025 19:03:37","Help Hamed and His family to rebuild their life in Gaza, Palestine."
"Campaign","chuffed","Yasmine","redacted","0","EUR Raised","14.05.2025 19:25:11","Help Yasmine and Her family to rebuild their life in Gaza, Palestine."
"Campaign","chuffed","Abdullah","redacted","0","EUR Raised","14.05.2025 20:48:51","Help Abdullah and his family to rebuild their life in Gaza, Palestine."
"Campaign","chuffed","Salman A.","redacted","0","EUR Raised","14.05.2025 21:52:00","Save Salman Ali and his family from the awful destruction in Gaza, Palestine."
"Campaign","chuffed","Ahed","redacted","110","EUR Raised","14.05.2025 22:08:53","Save Ahed and his family from the genocide in Gaza, Palestine."
"Campaign","chuffed","Heba","redacted","0","EUR Raised","17.05.2025 11:40:39","Help Heba & Hassan and their children rebuild their life in Gaza"
"Campaign","chuffed","Jihan","redacted","0","EUR Raised","17.05.2025 16:05:31","Help Jihan and her Family rebuild their lives in Gaza, Palestine"
"Campaign","chuffed","Ahlam","redacted","0","EUR Raised","17.05.2025 17:55:18","Help Ahlam and her Family rebuild their lives in Gaza, Palestine"
"Campaign","chuffed","Samirah","redacted","0","EUR Raised","18.05.2025 17:46:27","Help Samirah and her Family rebuild their lives & Palestine"
"Campaign","chuffed","Zina","redacted","66,1","EUR Raised","19.05.2025 10:35:20","Help Zina and her Family rebuild their lives in Gaza, Palestine."
"Campaign","chuffed","Samira","redacted","0","EUR Raised","20.05.2025 13:56:07","Save Samira & her Family to rebuild their lives in Gaza, Palestine."
"Campaign","chuffed","Mohammed","redacted","0","EUR Raised","20.05.2025 19:37:50","Save Mohammed & his Family to rebuild their lives in Gaza, Palestine."
"Campaign","chuffed","Maryam A.","redacted","10","EUR Raised","21.05.2025 06:25:05","Help Maryam Ahmed & her sister survive starvation in Gaza."
"Campaign","chuffed","Fatima Y.","redacted","0","EUR Raised","21.05.2025 06:49:10","Help Fatima Yasser & her 5 children survive starvation in Gaza, Palestine."
"Campaign","chuffed","Mercy T.","redacted","0","EUR Raised","21.05.2025 18:52:23","Mercy Tents - Let's give them safe shelter"
"Campaign","chuffed","Marah","redacted","0","EUR Raised","23.05.2025 10:11:23","Help Marah & her family rebuild their life in Gaza, Palestine"
"Campaign","chuffed","Muhammad","redacted","0","EUR Raised","24.05.2025 17:11:36","Help Muhammad & his family rebuild their life in Gaza, Palestine"
"Campaign","chuffed","Mohammed M.","redacted","0","EUR Raised","24.05.2025 20:42:05","Help Mohammed M. & his family rebuild their life in Gaza, Palestine"
"Campaign","chuffed","Rabin","redacted","0","EUR Raised","28.05.2025 15:52:05","Help Rabin & his family rebuild their life in Gaza, Palestine"
"Campaign","chuffed","Mahmoud","redacted","0","EUR Raised","29.05.2025 17:12:45","Help Mahmoud & his family rebuild their lives in Gaza, Palestine"
"Campaign","chuffed","Hana","redacted","0","EUR Raised","31.05.2025 13:09:43","Help Hana & her family rebuild their life in Gaza, Palestine"
"Campaign","chuffed","Nurse A. L.","redacted","0","EUR Raised","07.06.2025 12:27:57","Help Gaza Nurse Abdel-Rahim Louh Rebuild His Home â€“ He and His Family Are Living in a Tent"
"Campaign","chuffed","Siham","redacted","0","EUR Raised","08.06.2025 08:01:58","Help Siham and her family rebuild in Gaza, Palestine"
"Campaign","chuffed","Khaled Y.","redacted","0","EUR Raised","08.06.2025 21:48:45","Help Khaled Yahya rebuild his life in Gaza, Palestine"
"Campaign","chuffed","Khaled","redacted","0","EUR Raised","08.06.2025 22:00:12","Help Khaled and his family rebuild their life in Gaza, Palestine"
"Campaign","chuffed","Mohammed","redacted","0","EUR Raised","09.06.2025 08:47:32","Help Mohammed and family rebuild their lives in Gaza"
"Campaign","chuffed","Shereen","redacted","0","EUR Raised","09.06.2025 20:26:17","Help Shereen and her family survive Gaza genocide"
"Campaign","chuffed","Anas","redacted","0","EUR Raised","11.06.2025 12:36:16","Help Anas and his family survive Gaza genocide, Palestine"
"Campaign","chuffed","Abood","redacted","0","EUR Raised","23.06.2025 14:43:12","Help Abood and his Family in Gaza, Palestine"
"Campaign","chuffed","Muhammad A.","redacted","0","EUR Raised","23.06.2025 15:16:49","Help Muhammad Ali manage His charity camp in Gaza"
"Campaign","chuffed","Saeed","redacted","0","EUR Raised","24.06.2025 15:18:19","Help Saeed and his children survive in Gaza"
"Campaign","chuffed","Umm B.","redacted","0","EUR Raised","25.06.2025 13:09:07","Help Umm Baha and her family rebuild in Gaza"
"Campaign","chuffed","Ibrahim","redacted","0","EUR Raised","25.06.2025 19:54:44","help Ibrahim and his family find safetyÂ inÂ Gaza"
"Campaign","chuffed","Duaa A. Z.","redacted","0","EUR Raised","26.06.2025 13:08:51","Help Duaa Abu Zaid surviving and living in Gaza"
"Campaign","chuffed","Alaa S.","redacted","0","EUR Raised","26.06.2025 14:45:11","Help Alaa Suwar and her 4 children in Gaza"
"Campaign","chuffed","Mahmoud","redacted","0","EUR Raised","27.06.2025 20:11:59","Help Mahmoud support his family in Gaza"
"Campaign","chuffed","Duaa","redacted","0","EUR Raised","29.06.2025 10:59:35","Help Duaa and her family survive in Gaza, Palestine"
"Campaign","chuffed","Hamza","redacted","0","EUR Raised","29.06.2025 13:22:06","Help Hamza and family survive in Gaza, Palestine"
"Campaign","chuffed","Fadi L.","redacted","0","EUR Raised","29.06.2025 14:26:33","Help Fadi Live: A Lifeline for a Child with Cerebral Palsy in War-Torn Gaza"
"Campaign","chuffed","Ghadeer","redacted","0","EUR Raised","04.07.2025 14:51:11","Help Ghadeer and her family survive and Gaza"
"Campaign","chuffed","Reem","redacted","0","EUR Raised","05.07.2025 12:09:12","Help Reem and his family survive in Gaza"
"Campaign","chuffed","Shireen M.","redacted","0","EUR Raised","06.07.2025 06:34:27","Help Shireen Marwan survive in Gaza"
"Campaign","chuffed","Ahmed S.","redacted","0","EUR Raised","06.07.2025 10:50:27","Help Ahmed Salman and his family survive in Gaza"
"Campaign","chuffed","Ghadeer","redacted","0","EUR Raised","06.07.2025 19:42:43","Help Ghadeer save her family in Gaza"
"Campaign","chuffed","Rania","redacted","0","EUR Raised","08.07.2025 14:05:54","Help Rania and her daughters survive in Gaza"
"Campaign","chuffed","Together","redacted","0","EUR Raised","09.07.2025 13:18:58","Together we narrate the hearts of thirst and feed hungry souls"
"Campaign","chuffed","Firas","redacted","0","EUR Raised","09.07.2025 14:25:05","Help Firas and his family rebuild in Gaza, Palestine"
"Campaign","chuffed","Aya","redacted","0","EUR Raised","10.07.2025 21:10:03","Help Aya rebuild a life In Gaza"
"Campaign","chuffed","Mahmoud S.","redacted","0","EUR Raised","12.07.2025 18:16:24","Help Mahmoud S. rebuild his life in Gaza, Palestine"
"Campaign","chuffed","Hassan","redacted","0","EUR Raised","14.07.2025 12:35:17","Help Hassan survive in Gaza"
"Campaign","chuffed","Alma","redacted","0","EUR Raised","14.07.2025 19:49:38","Help Alma and her family in Gaza, Palestine"
"Campaign","chuffed","Mohammed","redacted","0","EUR Raised","16.07.2025 18:41:42","Help Mohammed rebuild his life in Gaza"
"Campaign","chuffed","Fayezs","redacted","0","EUR Raised","19.07.2025 10:39:55","Help Fayez's son and his family in Gaza rubbles"
"Campaign","chuffed","Muhammad","redacted","0","EUR Raised","20.07.2025 19:35:13","Help Muhammad and his family survive in Gaza"
"Campaign","chuffed","Nahed","redacted","0","EUR Raised","21.07.2025 11:20:36","Help Nahed save his family from hunger in Gaza"
"Campaign","chuffed","Dana","redacted","0","EUR Raised","21.07.2025 12:30:42","Help Dana support her family out of hunger in Gaza"
"Campaign","chuffed","Ahmed","redacted","262,425","EUR Raised","21.07.2025 16:51:32","Help Ahmed survive in Gaza during the genocide"
"Campaign","chuffed","Umm A.","redacted","0","EUR Raised","22.07.2025 21:20:08","Help Umm Ahmed sustain her memorization school of the Holy Qurâ€™an.."
"Campaign","chuffed","Umm A.","redacted","0","EUR Raised","26.07.2025 16:25:20","Help Umm Abed and her family in Gaza"
"Campaign","chuffed","Hossam","redacted","0","EUR Raised","27.07.2025 11:29:19","Help Hossam rebuild his life in Gaza"
"Campaign","chuffed","Ahmed","redacted","0","EUR Raised","28.07.2025 14:25:38","Help Ahmed feed his family and take care of his mother."
"Campaign","chuffed","Ola","redacted","0","EUR Raised","28.07.2025 14:37:10","Help Ola rebuild her dreams and life in Gaza"
"Campaign","chuffed","Moataz","redacted","0","EUR Raised","28.07.2025 19:26:43","Help Moataz rebuild a life from the rubbles to the sky.."
"Campaign","chuffed","Iman Eq.","redacted","0","EUR Raised","30.07.2025 09:28:08","Help Iman Eq. and her family in Gaza"
"Campaign","chuffed","Ahmed A.","redacted","0","EUR Raised","30.07.2025 22:43:27","Help Ahmed Amin's family rebound in Gaza"
"Campaign","chuffed","Shaimaa","redacted","0","EUR Raised","01.08.2025 19:03:55","Help Shaimaa and her family survive the destruction of Gaza"
"Campaign","chuffed","Umm H.","redacted","0","EUR Raised","03.08.2025 19:03:14","Help Umm Hassan and her family survive the occupation in Gaza"
"Campaign","chuffed","Umm H.","redacted","0","EUR Raised","04.08.2025 20:08:16","Help Umm Hani and her family of 6 in Gaza, Palestine"
"Campaign","chuffed","Khatam H.","redacted","85,3125","EUR Raised","06.08.2025 12:07:10","Help Khatam Hamdi and her family of 17 survive in Gaza"
"Campaign","chuffed","Mahmoud","redacted","0","EUR Raised","07.08.2025 10:13:09","Help Mahmoud provide his family surviving in Gaza"
"Campaign","chuffed","Mohammed","redacted","0","EUR Raised","07.08.2025 15:00:46","Help Mohammed Rebuild His Future & Feed His Family of 8 ğŸ’”"
"Campaign","chuffed","Karam","redacted","0","EUR Raised","07.08.2025 16:26:37","Help Karam and his family support a life against the genocide"
"Campaign","chuffed","Akram M.","redacted","226,095","EUR Raised","07.08.2025 20:07:55","Help Akram Mahmoud feed his family in Gaza"
"Campaign","chuffed","Reda","redacted","0","EUR Raised","08.08.2025 11:45:01","Help Reda providing a life to her child in Gaza, Palestine"
"Campaign","chuffed","Obaida","redacted","0","EUR Raised","09.08.2025 17:50:38","Help Obaida to support his family of seven in Gaza"
"Campaign","chuffed","Fadi A. O.","redacted","185,43000000000004","EUR Raised","10.08.2025 08:20:39","Help Fadi Abu Odeh rebuild his family's security"
"Campaign","chuffed","Ahmed","redacted","0","EUR Raised","10.08.2025 19:15:41","Help Ahmed to rebuild out of the rumble"
"Campaign","chuffed","Ahmed","redacted","0","EUR Raised","11.08.2025 09:25:37","Help Ahmed and his children survive the genocide"
"Campaign","chuffed","Mohammed S.","redacted","0","EUR Raised","12.08.2025 05:26:43","Help Mohammed Suhail support his family and his injured father in Gaza"
"Campaign","chuffed","Tarek","redacted","0","EUR Raised","13.08.2025 13:10:07","Help Tarek Rebuild His Life in Gaza After Losing His Father and Livelihood"
"Campaign","chuffed","Anas M.","redacted","17,94","EUR Raised","13.08.2025 21:00:39","Help Anas Mohammed's family survive the destruction in Gaza"
"Campaign","chuffed","Sharihan","redacted","0","EUR Raised","14.08.2025 16:08:35","Help Sharihan's family improving their conditions in Gaza"
"Campaign","chuffed","Alaas","redacted","0","EUR Raised","15.08.2025 15:05:53","Help Alaa's daughter to grow up in security and Gaza"
"Campaign","chuffed","Neama","redacted","0","EUR Raised","16.08.2025 08:25:48","Help Neama and her four children survive in Gaza"
"Campaign","chuffed","Amir","redacted","0","EUR Raised","17.08.2025 11:43:44","Help Amir start a new life as a young survivor in Gaza"
"Campaign","chuffed","Tekeat R. A.","redacted","0","EUR Raised","18.08.2025 14:41:10","Help funding the charity kitchen Tekeat Rowad AlKhair"
"Campaign","chuffed","Anonymous","redacted","0","EUR Raised","18.08.2025 17:03:04",""
"Campaign","chuffed","Om O.","redacted","0","EUR Raised","18.08.2025 22:09:14","Help Om Omar support her family rebuild a life in Gaza"
"Campaign","chuffed","Rami O.","redacted","0","EUR Raised","19.08.2025 21:20:36","Help Rami Odeh support his family of 8 children in Gaza"
"Campaign","chuffed","Youssef","redacted","0","EUR Raised","23.08.2025 12:21:51","Help Youssef and family go through the darkness and survive to see the light of a free Palestine"
"Campaign","chuffed","Fatima","redacted","0","EUR Raised","23.08.2025 18:58:34","Help Fatima and her family rebuild a life in Gaza, Palestine"
"Campaign","chuffed","Hala","redacted","10","EUR Raised","23.08.2025 21:44:47","Help Hala and her family rebuild their lives in Gaza"
"Campaign","chuffed","Ahmed","redacted","0","EUR Raised","25.08.2025 08:19:47","Help Ahmed from Gaza to support him and his family"
"Campaign","chuffed","Martyr H. I.","redacted","0","EUR Raised","25.08.2025 14:04:51","Help Martyr Hamdan Ismail Saber Abu Amsha's children survive in Gaza"
"Campaign","chuffed","Abu M.","redacted","100","EUR Raised","26.08.2025 10:47:48","Save Abu Muhammad's children from the engineered starvation in Gaza"
"Campaign","chuffed","Um M.","redacted","0","EUR Raised","26.08.2025 12:05:42","Save Um Mohammed's children and support rebuilding their lives in Gaza"
"Campaign","chuffed","Sami","redacted","0","EUR Raised","26.08.2025 18:02:57","Help Sami provide for His family, in Gaza"
"Campaign","chuffed","Sahar","redacted","0","EUR Raised","26.08.2025 20:39:24","Help Sahar during her pregnancy with her son, in Gaza"
"Campaign","chuffed","Lama","redacted","0","EUR Raised","28.08.2025 09:37:08","Help Lama provide for her family of 9, in Gaza"
"Campaign","chuffed","Safia","redacted","23,4","EUR Raised","28.08.2025 10:28:19","Help Safia to provide a subsistence for her family in Gaza, Palestine"
"Campaign","chuffed","Iman A. M.","redacted","0","EUR Raised","28.08.2025 15:34:06","Help Iman Abu Mustafa to provide for her family of 6, in Gaza"
"Campaign","chuffed","Noor H. A.","redacted","0","EUR Raised","28.08.2025 16:09:58","Help Noor Han Ahmad and her family of eight souls in Gaza"
"Campaign","chuffed","Ayman","redacted","0","EUR Raised","30.08.2025 10:30:11","Help Ayman and young family to rebuild life in Gaza"
"Campaign","chuffed","Azhar","redacted","0","EUR Raised","30.08.2025 11:53:55","Help Azhar support her family in Gaza"
"Campaign","chuffed","Lian","redacted","0","EUR Raised","30.08.2025 17:34:11","Help sister Lian support the life of 10, in Gaza"
"Campaign","chuffed","Hope","redacted","0","EUR Raised","31.08.2025 13:43:50","Hope for My Family and Our Little Cat in Gaza"
"Campaign","chuffed","Om A.","redacted","0","EUR Raised","01.09.2025 12:36:33","Help Om Ayan providing milk and diapers for her son, in Gaza"
"Campaign","chuffed","Rahaf B.","redacted","0","EUR Raised","01.09.2025 14:45:21","Help Rahaf Baha and her family of 11 souls in Gaza"
"Campaign","chuffed","Abu A.","redacted","0","EUR Raised","01.09.2025 19:30:53","Help Abu Al-Walid survive and provide for his family in Gaza"
"Campaign","chuffed","Lama","redacted","0","EUR Raised","02.09.2025 17:30:10","Help Lama regain control of her destiny in Gaza"
"Campaign","chuffed","Shahd","redacted","0","EUR Raised","03.09.2025 14:18:00","Save Shahd from starvation and destruction in Gaza"
"Campaign","chuffed","Mohannad","redacted","0","EUR Raised","03.09.2025 19:51:11","Help Mohannad begin an extraordinary normal life in Gaza"
"Campaign","chuffed","Bilal","redacted","0","EUR Raised","03.09.2025 20:38:01","Help Bilal support his family in Gaza"
"Campaign","chuffed","Mohamed S.","redacted","0","EUR Raised","03.09.2025 20:53:47","Help Mohamed Samir survive and thrive in Gaza"
"Campaign","chuffed","Raghad","redacted","0","EUR Raised","05.09.2025 20:16:35","Help Raghad and her family survive in Gaza"
"Campaign","chuffed","Muhammad","redacted","0","EUR Raised","06.09.2025 13:03:22","Help Muhammad with his family and the orphans in Gaza"
"Campaign","chuffed","Manal","redacted","0","EUR Raised","06.09.2025 16:45:18","Help Manal provide for her 7 children in Gaza"
"Campaign","chuffed","Rafat J.","redacted","0","EUR Raised","07.09.2025 08:17:44","Help Rafat Jawad survive with his family in Gaza"
"Campaign","chuffed","Ayas","redacted","0","EUR Raised","07.09.2025 12:12:06","Save Aya's son life and restore their hopes in Gaza"
"Campaign","chuffed","Rashad","redacted","0","EUR Raised","07.09.2025 17:04:32","Help Rashad and his family survive the genocide in Gaza"
"Campaign","chuffed","Mohamed","redacted","0","EUR Raised","07.09.2025 20:08:28","Help Mohamed finish his education's dream abroad of Gaza"
"Campaign","chuffed","Ahmed A.","redacted","0","EUR Raised","07.09.2025 20:19:29","Help Ahmed Ashraf in his family of seven in Gaza"
"Campaign","chuffed","Yasmine","redacted","0","EUR Raised","07.09.2025 21:23:04","Help Yasmine and her 5 children in Gaza"
"Campaign","chuffed","Hala","redacted","0","EUR Raised","08.09.2025 15:18:17","Help young Hala support her life and family in Gaza"
"Campaign","chuffed","Fadda M.","redacted","0","EUR Raised","08.09.2025 16:43:18","Help Fadda Marouf support her family's survival in Gaza"
"Campaign","chuffed","Moataz","redacted","0","EUR Raised","08.09.2025 21:32:41","Help Moataz displaced in Deir Al-Balah with his family"
"Campaign","chuffed","Ibtisam","redacted","4,485","EUR Raised","08.09.2025 22:03:04","Help Ibtisam and her family surviving in Gaza"
"Campaign","chuffed","Ashraf","redacted","0","EUR Raised","09.09.2025 07:04:27","Help Ashraf provide for his family in Gaza"
"Campaign","chuffed","Amira","redacted","0","EUR Raised","09.09.2025 09:04:51","Support Amira and her family in Gaza"
"Campaign","chuffed","Ismail","redacted","0","EUR Raised","09.09.2025 12:00:41","Help Ismail's family of 12 members in destroyed Gaza, Palestine"
"Campaign","chuffed","Suleiman","redacted","0","EUR Raised","10.09.2025 05:52:12","Help Suleiman rebirth his life out the destruction and occupation in Gaza"
"Campaign","chuffed","Anas","redacted","0","EUR Raised","10.09.2025 10:09:30","Help Anas support his family of 7 sibblings in Gaza"
"Campaign","chuffed","Muhammad","redacted","0","EUR Raised","10.09.2025 13:17:49","Help Muhammad support his family of seven in Gaza"
"Campaign","chuffed","Muhammad","redacted","0","EUR Raised","10.09.2025 15:47:21","Help Muhammad with his disability  living in tents, in Gaza"
"Campaign","chuffed","Om H.","redacted","0","EUR Raised","10.09.2025 20:43:26","Save Om Hassan and her family from engineered starvation in Gaza"
"Campaign","chuffed","Umm H.","redacted","0","EUR Raised","11.09.2025 17:14:08","Help Umm Hassan support her family of 9 children"
"Campaign","chuffed","Ehsan","redacted","0","EUR Raised","11.09.2025 21:16:43","Help Ehsan mother of three and pregnant in Gaza, Palestine"
"Campaign","chuffed","Malak","redacted","0","EUR Raised","12.09.2025 07:06:12","Help Malak during her pregnancy and lack of food and water in Gaza"
"Campaign","chuffed","Samir","redacted","0","EUR Raised","12.09.2025 11:48:56","Help Samir, father of four survive in Gaza, Palestine"
"Campaign","chuffed","Nagham","redacted","0","EUR Raised","12.09.2025 19:45:47","Help sister Nagham provide for her brother and her parents in Gaza"
"Campaign","chuffed","Wafaa","redacted","108,82","EUR Raised","13.09.2025 14:24:42","Help Wafaa and her family rebuild sustainibilty in Gaza"
"Campaign","chuffed","Asmaa","redacted","0","EUR Raised","13.09.2025 20:58:39","Help Asmaa rebuild the lives of her familiy in gaza"
"Campaign","chuffed","Fares","redacted","0","EUR Raised","14.09.2025 20:18:57","Help Fares recover and help his family in Gaza"
"Campaign","chuffed","Hisham","redacted","0","EUR Raised","14.09.2025 21:00:49","Help Hisham rebuild a life in dignity in Gaza"
"Campaign","chuffed","Mlalak","redacted","0","EUR Raised","15.09.2025 13:33:21","Help Mlalak providing winter clothing and food to her family in Gaza"
"Campaign","chuffed","Sister M. M.","redacted","0","EUR Raised","15.09.2025 17:13:12","Help Sister Maram Muhammad mother of 5 in Gaza"
"Campaign","chuffed","Khalils","redacted","0","EUR Raised","15.09.2025 17:47:22","Help Khalil's mother provide her son a good life in Gaza"
"Campaign","chuffed","Rawan","redacted","0","EUR Raised","15.09.2025 19:52:26","Help sister Rawan pregnant mother in her last month, in gaza"
"Campaign","chuffed","Umm M.","redacted","0","EUR Raised","15.09.2025 20:44:57","Help Umm Masoud and her daughter, survivors of the rubbles of Gaza"
"Campaign","chuffed","Lina","redacted","0","EUR Raised","16.09.2025 04:24:59","Help Lina mother of two surviving without a shelter in Gaza"
"Campaign","chuffed","Reem","redacted","0","EUR Raised","16.09.2025 18:37:45","Help Reem buy food for her family in Gaza"
"Campaign","chuffed","Warda","redacted","220,28","EUR Raised","16.09.2025 19:27:11","Help sister Warda with her medical conditions in Gaza"
"Campaign","chuffed","Sister R.","redacted","0","EUR Raised","16.09.2025 20:58:42","Help Sister Reem's son with skin condition and survival in Gaza"
"Campaign","chuffed","Mohammed","redacted","0","EUR Raised","16.09.2025 22:19:13","Help Mohammed his family of 9 surviving in Gaza"
"Campaign","chuffed","Khaled P. H.","redacted","0","EUR Raised","17.09.2025 09:25:59","Help Khaled Protect His Family & Rebuild His FutureğŸ‰"
"Campaign","chuffed","Yousef","redacted","0","EUR Raised","17.09.2025 09:40:24","Help Yousef find relief for his family in Gaza"
"Campaign","chuffed","Abdullah","redacted","0","EUR Raised","17.09.2025 09:48:52","Help Abdullah who has lost hope and is hoping to find it From you"
"Campaign","chuffed","Batoul","redacted","0","EUR Raised","17.09.2025 13:43:56","Help sister Batoul with her pregnancy and providing for her family in Gaza"
"Campaign","chuffed","Stand","redacted","0","EUR Raised","17.09.2025 18:00:10","Stand with Sister Rana going back to University and continue her studies"
"Campaign","chuffed","Sister R. H.","redacted","0","EUR Raised","17.09.2025 18:48:19","Help Sister Rana H. provide shelter, food and security for her family in Gaza"
"Campaign","chuffed","Mohammed","redacted","0","EUR Raised","17.09.2025 20:05:31","Help Mohammed's family rebuild their future and safety"
"Campaign","chuffed","Talia","redacted","0","EUR Raised","17.09.2025 21:17:39","Help Talia 's family of six surviving in the midst of the genocide"
"Campaign","chuffed","Abu A.","redacted","0","EUR Raised","18.09.2025 02:49:44","Help Abu Abdul and his family survive from the genocide in Gaza"
"Campaign","chuffed","Gazas","redacted","0","EUR Raised","18.09.2025 10:55:44","A father's plea for survival in the heart of Gaza's turmoil"
"Campaign","chuffed","Abdullah M.","redacted","0","EUR Raised","18.09.2025 12:15:52","Help Abdullah Mohammed support his 7 sons & daughters in Gaza"
"Campaign","chuffed","Waleed","redacted","0","EUR Raised","18.09.2025 13:13:08","Help Waleed 17, survive through the Genocide in Gaza."
"Campaign","chuffed","Sarah","redacted","0","EUR Raised","18.09.2025 18:05:12","Save Sarah and her five children from the starvation and the bombings in Gaza"
"Campaign","chuffed","Akram","redacted","0","EUR Raised","19.09.2025 10:30:15","Help Akram and his family continue despite the pain in Gaza"
"Campaign","chuffed","Five D.","redacted","0","EUR Raised","19.09.2025 15:17:32","Urgent call: My Five Daughters Need Help to Survive"
"Campaign","chuffed","Ibtisam","redacted","0","EUR Raised","19.09.2025 18:06:43","Help Ibtisam and her mahmoud survive in Gaza"
"Campaign","chuffed","Nermin","redacted","0","EUR Raised","19.09.2025 19:39:54","Help Nermin and her sisters providing the children bites of Hope"
"Campaign","chuffed","Baha","redacted","0","EUR Raised","20.09.2025 14:54:22","Help Baha survive the starvation and threats of bombings in Gaza"
"Campaign","chuffed","Mohammeds","redacted","0","EUR Raised","20.09.2025 19:43:21","Help Mohammed's five survive the awful destruction of Gaza"
"Campaign","chuffed","Family","redacted","0","EUR Raised","20.09.2025 20:01:46","Help my mother buy her medication in Gaza"
"Campaign","chuffed","Lama A. I.","redacted","0","EUR Raised","20.09.2025 21:10:51","Help Lama Abu Ibrahim feed her baby with particular care"
"Campaign","chuffed","Maysun","redacted","0","EUR Raised","21.09.2025 06:29:38","Help Maysun support his family in Gaza"
"Campaign","chuffed","Mohamad","redacted","522,105","EUR Raised","21.09.2025 09:28:44","Help Mohamad support his family and save them from starvation in Gaza"
"Campaign","chuffed","Um Y.","redacted","0","EUR Raised","21.09.2025 13:01:37","Help Um Youssef, her family of nine in destroyed Gaza"
"Campaign","chuffed","Abu M.","redacted","0","EUR Raised","21.09.2025 15:53:44","Help Abu Muhammad feed his nine young children in Gaza"
"Campaign","chuffed","MaomÃ©","redacted","0","EUR Raised","21.09.2025 23:41:39","Help MaomÃ© to face the harsh destruction and conserve hope in Gaza"
"Campaign","chuffed","Initiative","redacted","0","EUR Raised","22.09.2025 00:26:49","Initiative for Children in Gaza"
"Campaign","chuffed","Iman","redacted","0","EUR Raised","22.09.2025 09:19:42","Help Iman feed her five children in Gaza"
"Campaign","chuffed","Hanin","redacted","23,4","EUR Raised","22.09.2025 09:45:01","Help Hanin support her family and her injured husband in Gaza"
"Campaign","chuffed","Gazas","redacted","0","EUR Raised","22.09.2025 10:38:18","A father's plea for survival in the heart of Gaza's turmoil"
"Campaign","chuffed","Abdullah","redacted","0","EUR Raised","22.09.2025 13:18:51","Help Abdullah support his family and provide them shelter in Gaza"
"Campaign","chuffed","Lana U. I.","redacted","0","EUR Raised","22.09.2025 22:08:36","Help Lana Um Ibrahim feed her children and shelter them"
"Campaign","chuffed","AÃ¯sha","redacted","0","EUR Raised","23.09.2025 12:04:18","Help AÃ¯sha provide her children in Gaza"
"Campaign","chuffed","Iman","redacted","0","EUR Raised","23.09.2025 21:35:06","Help Iman support her family's needs and survival in Gaza"
"Campaign","chuffed","Ahmed O.","redacted","40","EUR Raised","23.09.2025 22:09:55","Help Ahmed O. and his family of 22 Souls, survive in Gaza"
"Campaign","chuffed","Hanan D.","redacted","0","EUR Raised","24.09.2025 18:43:36","Help Hanan Dahman rebuild her family's life in Gaza"
"Campaign","chuffed","Redemption","redacted","0","EUR Raised","24.09.2025 20:52:36","Help Redemption with a group of displaced in Deir Al-Balah, Gaza strip, Palestine"
"Campaign","chuffed","Family","redacted","0","EUR Raised","24.09.2025 21:29:06","Help Our sister and her brothers, rebuild their lives, In Gaza"
"Campaign","chuffed","Abdulrahman","redacted","0","EUR Raised","25.09.2025 18:54:40","Help Abdulrahman and family evacuate Northern Gaza"
"Campaign","chuffed","Wissam","redacted","0","EUR Raised","25.09.2025 20:06:04","Help Wissam 16 year old in Gaza rebuild his life already.."
"Campaign","chuffed","Mohammed","redacted","0","EUR Raised","25.09.2025 20:40:25","Help Mohammed & family rebuild their lives in Gaza"
"Campaign","chuffed","Ahmed","redacted","0","EUR Raised","26.09.2025 12:00:59","Help young Ahmed support his family of nine in Gaza"
"Campaign","chuffed","Mohammed","redacted","0","EUR Raised","26.09.2025 16:28:13","Help Mohammed restart on the best foot, his life in Gaza"
"Campaign","chuffed","Suhaib","redacted","0","EUR Raised","26.09.2025 17:57:33","Help brother Suhaib save his family and provide a shelter for them"
"Campaign","chuffed","Hanan","redacted","0","EUR Raised","26.09.2025 18:55:27","Help Hanan support her family and her sick father in Gaza"
"Campaign","chuffed","Hanin","redacted","0","EUR Raised","27.09.2025 03:29:28","Help Hanin support the life of her six children in Gaza"
"Campaign","chuffed","Heba","redacted","0","EUR Raised","28.09.2025 00:22:00","Help Heba saving her family from the winter's nightmares in Gaza"
"Campaign","chuffed","Umm S.","redacted","0","EUR Raised","28.09.2025 15:32:17","Help Umm Sami and her family surpass the winter conditions in Gaza"
"Campaign","chuffed","Muhammad","redacted","0","EUR Raised","28.09.2025 16:25:02","Help Muhammad and his family surpass the winter conditions in Gaza"
"Campaign","chuffed","Hayam M.","redacted","0","EUR Raised","28.09.2025 18:12:44","In displacement.. Help Hayam Mohammed and her 5 children move from the North of Gaza"
"Campaign","chuffed","Eman F.","redacted","0","EUR Raised","28.09.2025 19:46:15","Help Eman Fathi support her family out of the destruction in Gaza"
"Campaign","chuffed","Qais","redacted","0","EUR Raised","28.09.2025 22:02:47","Help support Qais 19, a life to rebuild in the midst of a genocide"
"Campaign","chuffed","Walid","redacted","0","EUR Raised","29.09.2025 15:21:04","Help Walid hope team for everyone in needs in Gaza"
"Campaign","chuffed","Magdia","redacted","0","EUR Raised","29.09.2025 16:53:37","Help Our elder sister Magdia to raise her orphan children in Gaza"
"Campaign","chuffed","Wadie H.","redacted","0","EUR Raised","30.09.2025 03:32:12","Help Wadie Hassan provide his family of 6 in Gaza"
"Campaign","chuffed","Suleiman","redacted","0","EUR Raised","30.09.2025 03:43:08","Help Suleiman support his daughters' happiness"
"Campaign","chuffed","Stand","redacted","0","EUR Raised","30.09.2025 20:24:10","Stand with Akram and his family's future in Gaza"
"Campaign","chuffed","Family","redacted","0","EUR Raised","30.09.2025 20:49:02","Help people in need in Gaza"
"Campaign","chuffed","Amna","redacted","0","EUR Raised","30.09.2025 21:13:14","Help Amna provide for her deprived young daughters in Gaza"
"Campaign","chuffed","Lama","redacted","0","EUR Raised","30.09.2025 21:50:22","Help Lama 11, support her mother's responsabilities and disability in Gaza"
"Campaign","chuffed","Ali","redacted","0","EUR Raised","30.09.2025 22:12:56","Help Ali 9, support his family since the Martyrdom of his father, pbuh"
"Campaign","chuffed","Hisham","redacted","0","EUR Raised","30.09.2025 22:30:49","Help Hisham surpass the trauma and rebuild his life in Gaza"
"Campaign","chuffed","Alaa","redacted","0","EUR Raised","01.10.2025 13:00:48","Help Alaa rebuild her life and continue helping her family in Gaza"
"Campaign","chuffed","Sabreen","redacted","0","EUR Raised","01.10.2025 13:17:34","Help Sabreen mother of 2 with health obstacles provide her family in Gaza"
"Campaign","chuffed","Hiba","redacted","0","EUR Raised","01.10.2025 15:06:07","Help Hiba and her 6 children providing urgent needs in Gaza"
"Campaign","chuffed","Hazem","redacted","0","EUR Raised","01.10.2025 23:01:31","Help Hazem  survive genocide and support his family in Gaza"
"Campaign","chuffed","Sham","redacted","0","EUR Raised","01.10.2025 23:19:18","Help Sham 6 and her family survive in Gaza"
"Campaign","chuffed","Ahmed","redacted","0","EUR Raised","01.10.2025 23:41:58","Help Ahmed rebound and build a new hope for his family in Gaza"
"Campaign","chuffed","Abu H.","redacted","0","EUR Raised","03.10.2025 06:44:51","Help Abu Haytham to provide his four children in Gaza"
"Campaign","chuffed","Akram","redacted","0","EUR Raised","03.10.2025 13:49:34","Help Akram support his family of 6 in Gaza"
"Campaign","chuffed","Marouf","redacted","0","EUR Raised","03.10.2025 15:08:00","Help Marouf and his wife to evacuate Gaza"
"Campaign","chuffed","Rola M.","redacted","0","EUR Raised","03.10.2025 18:13:20","Help Rola Mohammed and her five children survive the famine in Gaza"
"Campaign","chuffed","Hamdi","redacted","0","EUR Raised","03.10.2025 19:26:14","Help Hamdi support the survival of his family in Gaza"
"Campaign","chuffed","Hamdi","redacted","0","EUR Raised","03.10.2025 19:36:12","Help Hamdi support the survival of his family in Gaza"
"Campaign","chuffed","Reems","redacted","0","EUR Raised","03.10.2025 21:55:38","Help Reem's children regain confidence into humanity and live free in Gaza"
"Campaign","chuffed","Reems","redacted","0","EUR Raised","03.10.2025 22:22:05","Help Reem's children regain confidence and live free in Gaza"
"Campaign","chuffed","Reems","redacted","0","EUR Raised","03.10.2025 22:23:49","Help Reem's children regain confidence and live free in Gaza"
"Campaign","chuffed","Reems","redacted","0","EUR Raised","03.10.2025 22:32:34","Help Reem's children regain confidence and live free in Gaza"
"Campaign","chuffed","Samir","redacted","0","EUR Raised","06.10.2025 01:53:52","Help Samir regain his life in Gaza"
"Campaign","chuffed","Noor","redacted","0","EUR Raised","07.10.2025 20:38:25","Help Noor, to stay alive is their Only dream left in Gaza"
"Campaign","chuffed","Emad","redacted","0","EUR Raised","08.10.2025 11:00:20","Help Emad provide for his family in Gaza"
"Campaign","chuffed","Islam","redacted","0","EUR Raised","08.10.2025 12:20:50","Help Islam save her family from starvation and winter cold in Gaza"
"Campaign","chuffed","Yazan A.","redacted","0","EUR Raised","13.10.2025 12:35:46","Help Yazan Ahmed continuing his charity work, rebuild doing it"
"Campaign","chuffed","Family","redacted","0","EUR Raised","08.07.2025 21:12:18","I need help ğŸ‰ğŸ‰ğŸ‰"
"Campaign","chuffed","Alaa R.","redacted","0","EUR Raised","02.09.2025 19:04:26","Help Alaa Rafeeq and her 4 children in Gaza"
"Campaign","chuffed","Ibtisam","redacted","0","EUR Raised","10.07.2025 13:46:04","Help Ibtisam survive in Gaza"
"Campaign","chuffed","Family","redacted","0","EUR Raised","01.08.2025 18:41:40","Help my family"
"Campaign","chuffed","Reems","redacted","0","EUR Raised","03.10.2025 22:06:02","Help Reem's children regain confidence and live free in Gaza"
"Campaign","chuffed","Reems","redacted","0","EUR Raised","03.10.2025 22:18:48","Help Reem's children regain confidence and live healthy in Gaza"
"Campaign","chuffed","Tareq","live","0","EUR Raised","07.08.2025 13:04:10","Support Tareq and family in their fight for life against genocide"
"Campaign","chuffed","Khaled P. H.","redacted","0","EUR Raised","17.09.2025 09:30:13","Help Khaled Protect His Family & Rebuild His FutureğŸ‰ğŸ‰"
"Campaign","chuffed","Lets","redacted","0","EUR Raised","26.09.2025 10:43:12","Let's draw a smile together"
"Campaign","chuffed","Family","redacted","0","EUR Raised","27.08.2025 19:35:01","Help my family get shelter"
"Campaign","chuffed","Family","redacted","0","EUR Raised","07.08.2025 11:51:44","gaza"
"Campaign","whydonate","Mohamad","unknown","522,105","EUR Raised",,"Help Mohamad support his family and save them from starvation in Gaza"
"Campaign","whydonate","Warda","unknown","220,28","EUR Raised",,"Help sister Warda with her medical conditions in Gaza"
"Campaign","whydonate","Mohammed A.","unknown","390","EUR Raised",,"Support Mohammed Al-Louh, a father of seven from Gaza"
"Campaign","whydonate","Ahed","unknown","110","EUR Raised",,"Save Ahed and his family from the genocide in Gaza, Palestine."
"Campaign","whydonate","Wafaa","unknown","108,82","EUR Raised",,"Help Wafaa and her family rebuild sustainibilty in Gaza"
"Campaign","whydonate","Akram M.","unknown","226,095","EUR Raised",,"Help Akram Mahmoud feed his family in Gaza"
"Campaign","whydonate","Khatam H.","unknown","341,25","EUR Raised",,"Help Khatam Hamdi and her family of 17 survive in Gaza"
"Campaign","whydonate","Ibtisam","unknown","4,485","EUR Raised",,"Help Ibtisam and her family surviving in Gaza"
"Campaign","whydonate","Ahmed O.","unknown","40","EUR Raised",,"Help Ahmed O. and his family of 22 Souls, survive in Gaza"
"Campaign","whydonate","Aya","unknown","160","EUR Raised",,"Help Aya and her family survive the bombings and find safety, Palestine."
"Campaign","whydonate","Fadi A. O.","unknown","185,43000000000004","EUR Raised",,"Help Fadi Abu Odeh rebuild his family's security"
"Campaign","whydonate","Hayam M.","unknown","5","EUR Raised",,"In displacement.. Help Hayam Mohammed and her 5 children move to south Gaza"
"Campaign","whydonate","Shereens D.","unknown","50","EUR Raised",,"Help Shereenâ€™s Displaced Family Survive the Gaza War"
"Campaign","whydonate","Safia","unknown","19,5","EUR Raised",,"Help Safia to provide a subsistence for her family in Gaza, Palestine"
"Campaign","whydonate","Zina","unknown","60,25","EUR Raised",,"Help Zina and her Family rebuild their lives in Gaza, Palestine."
"Campaign","whydonate","Family","unknown","5","EUR Raised",,"Help My Family Survive and Rebuild Our Lives in Gaza"
"Campaign","whydonate","Magda","unknown","15","EUR Raised",,"Help Magda's family after two years of displacements in Gaza"
"Campaign","whydonate","Hanin","unknown","19,5","EUR Raised",,"Help Hanin support her family and her injured husband in Gaza"
"Campaign","whydonate","Ahmed","unknown","262,425","EUR Raised",,"Help Ahmed survive in Gaza during the genocide"
"Campaign","whydonate","Sahar","unknown","22,425","EUR Raised",,"Help sister Sahar with her family, providing a subsistence in Gaza"
"Campaign","whydonate","Abu M.","unknown","100","EUR Raised",,"Save Abu Muhammad's children from the engineered starvation in Gaza"
"Campaign","whydonate","Hala","unknown","10","EUR Raised",,"Help Hala and her family rebuild their lives in Gaza"
"Campaign","whydonate","Anas M.","unknown","17,94","EUR Raised",,"Help Anas Mohammed's family survive the destruction in Gaza"
"Campaign","whydonate","Rozan","unknown","10","EUR Raised",,"Help Rozan and her family rebuild their lives in Gaza, Palestine."
"Campaign","whydonate","Maryam A.","unknown","10","EUR Raised",,"Help Maryam Ahmed & her sister survive starvation in Gaza."
